原单词,词性,中文释义
a,art.,一(个、件…)
abandon,v.,"放弃,遗弃,沉溺"
ability,n.,能力; 才能
able,a.,能够;有能力的
abnormal,a.,"反常的,不正常的,不规则的"
aboard,ad.,"在船上,在火车上,在飞机上"
aboard,prep.,在…之上
abolish,v.,"废止,革除"
abortion,n.,"流产,堕胎"
about,ad.,大约;到处;四处
about,prep.,关于;在各处;四处
abroad,ad.,到(在)国外
abrupt,a.,"突然的,唐突的"
absence,n.,"不在,缺席"
absent,a.,"缺席, 不在"
absolute,a.,"绝对的,完全的"
absolute,n.,绝对
absorb,v.,"吸收,吸引…的注意,使全神贯注"
abstract,n.,摘要
abstract,a.,抽象的
abstract,v.,"摘要,抽炼"
absurd,a.,荒唐的
abundant,a.,"丰富的,充裕的"
abuse,n.,"滥用,恶习"
abuse,v.,"滥用,辱骂,虐待"
academic,a.,"学院的,理论的,学术性的"
academy,n.,"学院,学术,学会"
accederate,v.,加速
accent,n.,"口音,音调"
accept,vt.,接受
access,n.,"通路,进入,使用之权"
access,v.,存取
accessible,a.,"可得到的,易接近的,可进入的"
accident,n.,"事故,意外的事"
accommodation,n.,"住处,膳宿"
accompany,v.,"陪伴,带有"
accomplish,v.,完成
account,n.,"帐目,报告,估计"
account,v.,"叙述,解释"
accountant,n.,会计
accumulate,v.,"积聚,堆积"
accuracy,n.,"准确(性),精确度"
accurate,a.,"准确的,精确的"
accuse,v.,"责备,控告"
accustom,v.,使…习惯
achieve,vt.,"达到,取得"
achievement,n.,"成就,成绩,完成,达到"
acid,a.,酸的
acid,n.,酸
acknowledge,v.,"承认,答谢,告知收到"
acquaintance,n.,"熟人,相识"
acquire,v.,"获得,取得,学到"
acquisition,n.,"获得,所获之物"
acre,n.,英亩
across,prep.,"横过,穿过"
act,n.,"法令,条例"
act,v.,"(戏)表演,扮演(角色),演出(戏);行动,做事"
action,n.,行动
active,a.,"积极的,主动的"
activity,n.,活动
actor,n.,男演员
actress,n.,女演员
actual,a.,实际的; 现实的
acute,a.,"敏锐的,激烈的,尖锐的"
ad,n.,公元
adapt,v.,"使...适应,改编"
adaptation,n.,"改编,适应,改编成的作品"
add,vt.,"添加,增加"
addicted,a.,沉溺于某种嗜好中的
addition,n.,增加;(算数用语)加
address,n.,地址
adequate,a.,"足够的,充足的,适当的,能胜任的"
adjust,v.,"调整,使...适于"
adjustment,n.,调整
administration,n.,"行政,管理,中央政府"
admirable,a.,"令人钦佩的,令人赞赏的"
admire,v.,钦佩; 羡慕
admission,n.,"准入, 接纳"
admit,vt.,"承认,准许(入场,入学,入会)"
adolescence,n.,青春期
adolescent,a.,"青春期的,青少年的"
adolescent,n.,青少年
adopt,v.,"采用,收养,接受"
adore,v.,"崇拜,爱慕,喜爱"
adult,n.,成年人
advance,v.,"推进,促进;前进"
advantage,n.,优点; 好处
adventure,n.,冒险; 奇遇
advertise,vt.,为…做广告
advice,n.,"忠告,劝告,建议"
advise,vt.,"忠告,劝告,建议"
advocate,n.,"提倡者,拥护者"
advocate,v.,"主张,提倡"
affair,n.,"事,事情"
affect,vt.,"影响;作用,感动"
affection,n.,"影响,作用,慈爱,爱,感情"
afford,vt.,负担得起(…的费用);抽得出(时间);提供
afraid,a.,害怕的;担心
african,a.,"非洲的,非洲人的"
african,n.,非洲人
after,ad.,在后;后来
after,prep.,在…之后;在后面
after,conj.,在…以后
afternoon,n.,"下午,午后"
afterwards,ad.,后来
again,ad.,"再一次;再,又"
against,prep.,"对着,反对"
age,n.,年龄;时代
agency,n.,"代理,代理处"
agenda,n.,议事日程
agent,n.,"经纪人,特工"
aggressive,a.,侵略的;咄咄逼人的
ago,ad.,以前
agree,v.,同意;应允
agreement,n.,"同意,一致;协定,协议"
agricultural,a.,农业的
agriculture,n.,"农业,农学"
ahead,ad.,"在前,向前"
aid,n.,援助;救护;辅助器具
aids,n.,艾滋病
air,n.,空气;大气
aircraft,n.,飞机(单复数同)
airline,n.,航空公司;航空系统
airmail,n.,航空邮件 2
airplane,n.,(美)飞机
airport,n.,"航空站,飞机场"
airspace,n.,"上空,空气,空间"
alarm,n.,警报
album,n.,"集邮本,照相簿,唱片簿"
alcohol,n.,酒精
alcoholic,n.,"酒鬼,酒精中毒的人"
algebra,n.,代数学
alike,a.,"相似的,同样的"
alive,a.,"活着的,存在的"
allergic,a.,过敏的
alley,n.,"小路,巷"
allocate,v.,"分派,分配,分配额"
allow,vt.,"允许,准许"
allowance,n.,"限额,定量,津贴,零用钱"
almost,ad.,"几乎,差不多"
alone,a.,"单独的,孤独的"
along,ad.,向前;和…一起;一同
along,prep.,沿着;顺着
alongside,ad.,在旁边
alongside,prep.,在...旁边
aloud,ad.,大声地
alphabet,n.,字母表
already,ad.,已经
also,ad.,也
alternative,a.,两者择一的
alternative,v.,两者取一
although,conj.,"虽然,尽管"
altitude,n.,"高度,海拔"
altogether,ad.,总共
aluminium,n.,铝
always,ad.,总是;一直;永远
amateur,a.,业余的
amateur,n.,业余爱好者
amazing,a.,令人惊异的
american,a.,美国的;美国人的
american,n.,美国人
ambassador,n.,大使
ambiguous,a.,模棱两可的
ambition,n.,"雄心,野心"
ambition,vt.,"有...野心,追求"
ambulance,n.,救护车
among,prep.,在…中间;在(三个以上)之间
amount,n.,"数量,总额"
amount,v.,"总计,等于"
ample,a.,"充足的,丰富的"
amuse,vt.,"(使人)快乐,逗乐"
amusement,n.,娱乐
analysis,n.,"分析,解析"
ancestor,n.,祖宗; 祖先
anchor,n.,铁锚
anchor,v.,"停泊,抛锚,用锚系住"
ancient,a.,"古代的,古老的"
and,conj.,和;又;而
anecdote,n.,"轶事,奇闻"
anger,n.,"怒,愤怒"
angry,a.,"生气的,愤怒的"
animal,n.,动物
ankle,n.,"踝,踝关节"
announce,vt.,"宣布,宣告"
announcement,n.,"公告,告示"
anniversary,n.,周年纪念(日)
annoy,vt.,(使)烦恼
annual,a.,"每年的,年度的"
annual,n.,"年刊,年鉴"
announcement,n.,"通告,通知"
another,a.,再一;另一;别的;不同的
another,pron.,另一个
answer,n.,"回答,答复;回信;答案"
answer,v.,"回答,答复;回信;(作出)答案"
ant,n.,蚂蚁
antarctic,a.,南极的
antique,n.,古董
anxiety,n.,"焦虑,挂念,担心,渴望,热望"
anxious,a.,"忧虑的,焦急的"
any,pron.,(无论)哪一个;哪些 任何的;(用于疑问句、否定句)一些;什么
anyhow,ad.,不管怎样
anyone,pron.,"任何人,无论谁"
anybody,pron.,"任何人,无论谁"
anything,pron.,什么事(物);任何事(物)
anyway,ad.,不管怎样
anywhere,ad.,任何地方
apart,ad.,"分别地,分开的"
apartment,n.,"(美)楼中单元房,一套房间;"
apologize,vi.,"道歉,谢罪"
apology,n.,道歉;歉意
apparent,a.,"明显的,表面上的"
appeal,n.,"恳求,上诉,吸引力"
appeal,v.,"求助,诉请,呼吁"
appear,vi.,出现
appearance,n.,"出现,露面;容貌"
appendix,n.,附录
appetite,n.,"爱好,嗜好,食欲,胃口,欲望"
applaud,v.,"拍手喝采,称赞,赞同"
apple,n.,苹果
applicant,n.,申请人
application,n.,申请
apply,v.,"申请, 应用,专心于"
appoint,v.,"任命,指定"
appointment,n.,约会
appreciate,v.,欣赏; 感激
appreciation,n.,"赏识,鉴识,感激"
approach,n.,"途径,方法"
approach,v.,"靠近,接近"
appropriate,a.,适当的
approval,n.,"批准,认可,同意,赞同"
approve,v.,"赞同,核准,证实"
approximately,ad.,"近似地,大约"
april,n.,4月
apron,n.,围裙
arbitrary,a.,"任意的,恣意的,专制的"
arch,n.,"拱门,弓形"
arch,v.,"成弓形弯曲,成弓形"
architect,n.,建筑师
architecture,n.,建筑学
arctic,a.,"北极的,极寒的"
arctic,n.,"北极圈,北极"
are,v.,是
area,n.,"面积;地域,地方,区域;范围,领域"
argue,vi.,"争辩, 争论"
argument,n.,"争论,辩论"
arithmetic,n.,算术
arm 1,n.,"臂, 支架"
arm 2,v.,"以…装备,武装起来"
arm 2,n.,"(美)武器,武力"
armchair,n.,扶手椅
army,n.,军队
arrange,v.,"安排,布置"
arrangement,n.,"安排,布置"
arrest,n.,"逮捕,监禁"
arrest,v.,"拘捕,妨碍,吸引"
arrival,n.,"到来,到达"
arrive,vi.,到达;达到
arrow,n.,箭;箭头
art,n.,"艺术,美术;技艺"
article,n.,"文章;东西,物品;冠词"
artificial,a.,"人造的,虚伪的,武断的"
ash,n.,灰; 灰末
ashamed,a.,惭愧; 害臊
asian,a.,"亚洲的,亚洲人的"
asian,n.,亚洲人
aside,ad.,在旁边
ask,v.,"问,询问;请求,要求;邀请"
asleep,a.,"睡着的,熟睡"
aspect,n.,"方面,外貌,外观"
assess,v.,"估定,评定"
assessment,n.,"估价,评估"
assist,n.,"帮助,协助"
assist,v.,协助
assistance,n.,"帮助,援助"
assistant,n.,"助手,助理"
associate,n.,"同伴,伙伴"
associate,v.,"联合,联想"
association,n.,"联合,结合,交往,协会,社团"
assume,vt.,"假定,设想,承担"
assumption,n.,"假定,设想"
astonish,vt.,使惊讶
astronaut,n.,宇航员
astronomer,n.,天文学家
astronomy,n.,天文学
at,prep.,在(几点钟);在(某处)
athlete,n.,运动员
athletic,a.,运动的
atlantic,a.,大西洋的
atmosphere,n.,大气;气氛
atom,n.,"原子,微粒"
attach,v.,"附上,系上,贴上,使依恋"
attack,vt.,"攻击,袭击"
attain,v.,"达到,获得"
attempt,vt.,"试图,尝试"
attend,v.,"看护,照料,服侍;出席,参加"
attention,n.,"注意,关心"
attitude,n.,"态度,看法"
attract,v.,"吸引,引起"
attraction,n.,"吸引,吸引力"
attractive,a.,"迷人的,有吸引力的"
audience,n.,"观众,听众"
august,n.,8月
aunt,n.,伯母;舅母;婶;姑;姨
australian,a.,"澳洲的,澳大利亚人的"
australian,n.,澳大利亚人
authentic,a.,"可靠的,可信的,真的,真正的"
author,n.,"作者,作家"
authority,n.,"权力,权威,当局"
automatic,n.,自动的机器
automatic,a.,"自动的,无意识的"
autonomous,a.,自治的
autumn,n.,"秋天,秋季"
available,a.,"可用的,有效的"
avenue,n.,大道
average,a.,平均的;普通的
average,n.,平均数
avoid,v.,"避免,躲开,逃避"
awake,v.,唤醒 醒着的
award,n.,"奖品,奖励"
aware,a.,"知道的,意识到的"
away,ad.,离开;远离
awesome,a.,"引起敬畏的,可怕的"
awful,a.,"可怕的,庄严的"
awkward,a.,笨拙的
awkward,a.,尴尬的
baby,n.,婴儿
bachelor,n.,"单身汉,学士"
back,ad.,回(原处);向后
back,a.,后面的
back,n.,"背后,后部;背"
background,n.,背景
backward,ad.,向后
bacon,n.,咸猪肉;熏猪肉 
bacterium,n.,细菌
badly,ad.,"坏,恶劣地"
badminton,n.,羽毛球
bag,n.,书包;提包;袋子
baggage,n.,行李
bake,v.,烤; 烘(面包)
bakery,n.,面包店
balance,n.,平衡
balcony,n.,阳台;楼座
ball 1,n.,球
ball 2,n.,舞会
ballet,n.,芭蕾舞
balloon,n.,气球
bamboo,n.,竹
ban,n.,禁令
ban,v.,禁止;取缔
banana,n.,香蕉
band,n.,"带子,队,乐队"
band,v.,"联合,结合"
bandage,n.,绷带
bank 1,n.,"(河、海、湖的)岸,堤"
bank 2,n.,银行
bar 1,n.,"条;(长方)块,棒,横木"
barbecue,n.,烤肉野餐
barber,n.,(为男人理发的)理发师
barbershop,n.,理发店
bare,a.,"赤裸的,极少的"
bargain,n.,(经讨价还价之后)成交的商品;廉价货
bargain,v.,讨价还价
bark,v.,狗叫
bark,n.,狗叫声
barrier,n.,"界线,屏障,障碍物"
base,n.,"根据地,基地;(棒球)垒"
baseball,n.,棒球
basement,n.,地下室
basic,a.,基本的
basin,n.,"水盆,脸盆"
basis,n.,"基础,根据"
basket,n.,篮子
basketball,n.,篮球
bat 1,n.,(棒球、板球的)球棒
bat 2,n.,蝙蝠
bath,n.,洗澡;浴室;澡盆
bathe,vi.,洗澡;游泳
bathroom,n.,"浴室,盥洗室"
bathtub,n.,澡盆
battery,n.,电池
battle,n.,战斗;战役
bay,n.,湾; 海湾
bc,n.,公元前
be,v.,"是(原形),其人称和时态形式有am,is, are,was,were,being,been;成为"
beach,n.,"海滨,海滩"
bean,n.,"豆,豆科植物"
beancurd,n.,豆腐
bear 1,v.,"承受,负担,承担;忍受;容忍"
bear 2,n.,熊
beard,n.,(下巴上的)胡须
beast,n.,野兽;牲畜
beautiful,a.,"美的,美丽的,美观的"
beauty,n.,"美丽,美人"
because,conj.,因为
become,v.,变得;成为
bed,n.,床
bedclothes,n.,"铺盖,床单被褥类"
bedroom,n.,"寝室,卧室"
beef,n.,牛肉
beer,n.,啤酒
before,prep.,在…以前;在…前面
before,ad.,以前
before,conj.,在…之前
beg,v.,"请求,乞求,乞讨"
begin,v.,"开始,着手"
beginning,n.,"开始,开端"
behave,v.,"守规矩,行为"
behaviour,n.,"行为,举止"
behind,prep.,(表示位置)在…后面
behind,ad.,在后面;向后
being,n.,物; 生物; 人
belief,n.,"信条,信念"
believe,v.,"相信,认为"
bell,n.,"钟,铃;钟(铃)声;钟形物"
belly,n.,肚子
belong,vi.,"属,附属"
below,prep.,在…下面
belt,n.,(皮)带
bench,n.,长凳; 工作台
bend,vt.,使弯曲
beneath,prep.,在…下方(面)
beneficial,a.,"有益的,有利的"
benefit,n.,利益
benefit,v.,获益
bent,a.,弯的
beside,prep.,在…旁边;*近
besides,prep.,除…以外(还有)
besides,ad.,"还有,此外"
betray,v.,"出卖,背叛"
between,prep.,在(两者)之间;在…中间
beyond,prep.,(表示位置) 在…的那边
bid,n.,出价
bid,v.,"命令,吩咐,投标"
big,a.,大的
billion,num.,"十亿,百亿"
bingo,n.,宾果游戏
biochemistry,n.,生物化学
biography,n.,传记
biology,n.,生物(学)
bird,n.,鸟
birth,n.,出生; 诞生
birthday,n.,生日
birthplace,n.,出生地;故乡
biscuit,n.,饼干
bishop,n.,主教
bit,n.,"一点,一些,少量的"
bite,v.,咬;叮
black,n.,黑色
black,a.,黑色的
blackboard,n.,黑板
blanket,n.,"毛毯,毯子"
bleed,vi.,"出血,流血"
bless,vt.,"保佑,降福"
blind,a.,瞎的
block,n.,大块;(木、石等)块;街区;路障
block,vt.,阻塞;阻挡
blood,n.,"血,血液"
blouse,n.,"宽罩衫;(妇女,儿童穿的)短上衣"
blow,n.,击;打击
blow,v.,吹;刮风;吹气
blue 1,n.,蓝色
blue 1,a.,蓝色的
blue 2,a.,悲伤的;沮丧的
boat,n.,"小船,小舟"
body,n.,身体
boil,v.,沸腾;烧开;煮…
bomb,n.,炸弹
bomb,v.,轰炸
bond,n.,"结合,债券,粘结剂,粘合剂"
bone,n.,"骨头,骨质(复bones骨骼;骨骸)"
bonus,n.,"红利,奖金"
book,n.,书;本子
book,v.,"预定,定(房间,车票等)"
boom,n.,"繁荣,隆隆声"
boot,n.,长统靴;靴
border,n.,"边缘;边境,国界"
boring,a.,"乏味的,无聊的"
born,a.,出生
borrow,v.,(向别人)借用;借
boss,n.,领班;老板
botanical,a.,植物学的
botany,n.,植物; 植物学
both,a.,两;双
both,pron.,两者;双方
bother,v.,烦扰
bottle,n.,瓶子
bottom,n.,底部;底
bounce,n.,"跳,反跃,弹力"
bounce,v.,"弹跳,使...跳"
bound 1,a.,被束缚的;被绑的;有义务的
boundary,n.,"分界线,边界"
bowl,n.,碗
bowling,n.,保龄球
box,n.,"盒子,箱子"
boxing,n.,拳击(运动)
boy,n.,男孩
boycott,v.,抵制(贸易);不参加。
brain,n.,脑(子)
brake,n.,闸
brake,vi.,刹车
branch,n.,"树枝;分枝;分公司,分店;支部"
brand,n.,"商标,牌子,烙印"
brave,a.,勇敢的
bravery,n.,勇气
bread,n.,面包
break,n.,间隙
break,v.,"打破(断,碎);损坏,撕开"
breakfast,n.,早餐
breakthrough,n.,突破
breast,n.,"胸脯,乳房"
breath,n.,气息;呼吸
breathe,vi.,呼吸
breeze,n.,"微风,轻而易举的事"
brewery,n.,啤酒厂
brick,n.,砖;砖块
bride,n.,新娘
bridegroom,n.,新郎
bridge,n.,桥
brief,a.,简洁的
bright,a.,明亮的;聪明的
brilliant,a.,"灿烂的,有才气的,杰出的"
british,a.,英国的;大不列颠的;英国人的
broad,a.,"宽的,宽大的"
broadcast,n.,广播节目
brochure,n.,小册子
broken,a.,弄坏了的
broom,n.,扫帚
brother,n.,兄;弟
brown,n.,"褐色,棕色"
brown,a.,"褐色的,棕色的"
brunch,n.,早午饭(晚早饭)
brush,v.,刷;擦
brush,n.,刷子
bucket,n.,铲斗;桶
buddhism,n.,佛教
budget,n.,预算
buffet,v.,打击
build,v.,建筑;造
building,n.,建筑物;房屋;大楼
bunch,n.,"一串,一束"
bunch,v.,"使捆成束,挤成一群"
bungalow,n.,平房
burden,n.,"负担,重载"
bureaucratic,a.,官僚的
burglar,n.,窃贼
burst,v.,突然发生; 突然发作
bury,vt.,埋;葬
bus,n.,公共汽车
bush,n.,"灌木丛,矮树丛"
business,n.,"(本分)工作,职业;职责;生意,交易;事业"
businessman,n.,商人(男);男企业家
businesswoman,n.,商人(女);女企业家
busy,a.,忙(碌)的
but,conj.,"但是,可是"
but,prep.,"除了,除…外"
butcher,n.,肉店;屠夫
butcher,vt.,屠宰(动物);残杀
butter,n.,"黄油,奶油"
butterfly,n.,蝴蝶
buy,vt.,买
bye-bye,int.,再见
cab,n.,(美)出租车
cabbage,n.,"卷心菜,洋白菜"
cafe,n.,咖啡馆; 餐馆
cafeteria,n.,自助餐厅
cage,n.,笼;鸟笼
cake,n.,"蛋糕,糕点;饼"
calculate,v.,"计算,考虑,计划"
call,n.,"喊,叫;电话,通话"
call,v.,"称呼;呼唤;喊,叫"
calm,a.,镇静的; 沉着的
calm,v.,镇静; 沉着
camel,n.,骆驼
camera,n.,照相机;摄像机
camp,n.,(夏令)营
camp,vi.,野营; 宿营
campaign,n.,"战役,运动,活动"
canal,n.,"运河,沟渠"
canal,n.,运河;水道
cancel,vt.,取消
cancer,n.,癌
candidate,n.,"候选人,求职者"
candle,n.,蜡烛
candy,n.,糖果
canteen,n.,餐厅;食堂
capital,n.,"首都,省会;大写;资本"
capsule,n.,"胶囊,太空舱"
capture,v.,"抓取,获得,迷住"
car,n.,"汽车,小卧车"
carbon,n.,碳
card,n.,卡片;名片;纸牌
care,n.,"照料,保护;小心"
care,v.,"介意…,在乎;关心"
careful,a.,"小心的,仔细的,谨慎的"
careless,a.,"粗心的,漫不经心的"
carpenter,n.,木匠
carpet,n.,地毯
carriage,n.,四轮马车;(火车)客车厢
carrier,n.,搬运者;媒介;(自行车等的)置物架; (车的)货架
carry,vt.,"拿,搬,带,提,抬,背,抱,运等"
cart,n.,二轮运货马车
cartoon,n.,"动画片,卡通;漫画"
case 1,n.,情况;病例;案件;真相
case 2,n.,箱;盒;容器
cash,n.,"现金,现钞"
cash,v.,兑现
cassette,n.,盒式录音带
cast,v.,"扔,抛,撒"
castle,n.,城堡
casual,a.,"偶然的,随便的,漫不经心的"
cat,n.,猫 
catalog,n.,"目录,总目"
catastrophe,n.,"大灾难,大祸"
catch,v.,接住;捉住;赶上;染上(疾病)
category,n.,"种类,类别"
cater,v.,"备办食物,投合,迎合"
cathedral,n.,大教堂
cattle,n.,"牛(总称),家畜"
cause,n.,"原因,起因"
cause,vt.,"促使,引起,使发生"
caution,n.,"小心,慎重,警示"
cautious,a.,"十分小心的,谨慎的"
cave,n.,"洞,穴;地窖"
ceiling,n.,"天花板,顶棚"
celebrate,v.,庆祝
celebration,n.,庆祝;庆祝会
cellar,n.,地窖;地下储藏室
cent,n.,美分(100 cents = 1dollar)
centigrade,a.,摄氏的
central,a.,"中心的,中央的;主要的"
century,n.,"世纪,百年"
ceremony,n.,"典礼,仪式,礼节,礼仪"
certain,a.,"(未指明真实名称的)某…; 确定的,无疑的;一定会…"
certainly,ad.,"当然,是的;一定,无疑"
certificate,n.,"证明,证明书"
chain,n.,链; 链条
chair,n.,椅子
chairman,n.,"主席,会长;议长"
chairwoman,n.,"女主席, 女会长;女议长"
chalk,n.,粉笔
champion,n.,"冠军,优胜者"
chance,n.,"机会,可能性"
change,n.,零钱;找头
change,v.,"改变,变化;更换;兑换"
chant,n.,"圣歌,赞美诗"
chaos,n.,混乱
character,n.,"(汉)字,字体;品格,人物"
characteristic,a.,"特有的,典型的"
charge,v.,要求收费;索价;将(电池)充电
charge,n.,费用;价钱
chapter,n.,"章,回,篇"
chart,n.,图表;航海图
cheap,a.,"便宜的,廉价的"
check,n.,检查;批改
check,vt.,"校对,核对;检查;批改"
cheek,n.,"面颊,脸蛋"
cheers,int.,"干杯,(英口语)谢谢,再见"
cheese,n.,奶酪
chef,n.,厨师
chemical,a.,化学的
chemical,n.,化学品
chemist,n.,药剂师;化学家
chemistry,n.,化学
chess,n.,棋
chest,n.,箱子;盒子;胸部
chew,vt.,咀嚼
chicken,n.,鸡;鸡肉
chief,a.,主要的; 首要的
chief,n.,"领导,头"
child,n.,"孩子,儿童"
childhood,n.,"幼年时代,童年"
chimney,n.,"烟囱,烟筒"
china,n.,"陶瓷,陶器"
chinese,a.,"中国的;中国人的;中国话的,汉语的"
chinese,n.,"中国人;中国话,汉语,中文"
chocolate,n.,巧克力
choice,n.,选择;抉择
choir,n.,"唱诗班,唱诗班的席位"
choose,vt.,选择
chopsticks,n.,筷子
chorus,n.,"合唱队,齐声说道"
christian,n.,基督教徒和天主教徒的总称
christmas,n.,圣诞节(12月25日)
church,n.,教堂;教会
cigar,n.,雪茄烟
cigarette,n.,"纸烟,香烟"
cinema,n.,电影院;电影
circle,n.,圆圈
circle,vt.,将…圈起来
circuit,n.,"电路,一圈,巡回"
circulate,v.,"流通,循环,传播"
circumstance,n.,"环境,状况,事件"
circus,n.,马戏团
citizen,n.,公民;居民
city,n.,"市,城市,都市"
civil,a.,国内的;平民(非军人)的;民用的
civilian,a.,平民的
civilization,n.,"文明,文化"
clap,vi.,拍手; 鼓掌
clarify,v.,"澄清,阐明,使...明晰"
class,n.,(学校里的)班;年级;课
classical,a.,传统的;古典的
classify,v.,"分类,归类,分等"
classmate,n.,同班同学
classroom,n.,教室
claw,n.,爪
clay,n.,"粘土,泥土"
clean,vt.,"弄干净,擦干净"
clean,a.,"清洁的,干净"
cleaner,n.,清洁工;清洁器;清洁剂
clear,a.,清晰的;明亮的;清楚的
clerk,n.,书记员;办事员;职员
clever,a.,"聪明的,伶俐的"
click,v.,点击(计算机用语)
climate,n.,气候
climb,v.,"爬,攀登"
clinic,n.,诊所
clock,n.,钟
clone,n.,克隆(无性繁殖出来的有机体群)
close 1,a.,"亲密的;近,亲近"
close 1,ad.,"近,附近"
close 2,vt.,"关,关闭"
cloth,n.,布
clothing,n.,(总称) 衣服
cloud,n.,云;云状物;阴影
cloudy,a.,"多云的,阴天的"
club,n.,俱乐部;纸牌中的梅花
clumsy,a.,笨拙的
coach,n.,教练;马车;长途车
coal,n.,煤;煤块
coast,n.,海岸;海滨
coat,n.,外套;涂层;表皮;皮毛
coat,vt.,给…穿外套;涂上
cock,n.,公鸡
cocoa,n.,可可粉
coffee,n.,咖啡
coin,n.,硬币
coke,n.,可口可乐
cold,a.,"冷的,寒的"
cold,n.,"寒冷;感冒,伤风"
collar,n.,衣领; 硬领
colleague,n.,同事
collect,vt.,"收集,搜集"
collection,n.,"收藏品,收集物"
college,n.,学院;专科学校
collision,n.,"碰撞,冲突"
comb,n.,梳子
comb,v.,梳
combine,vt.,使联合;使结合
come,vi.,"来,来到"
comedy,n.,喜剧
comfort,n.,安慰; 慰问
comfortable,a.,舒服的;安逸的;舒服自在
comment,n.,评论
commercial,a.,商业的
commercial,n.,商业广告
commit,v.,"委托(托付),犯罪,作...事,承诺"
commitment,n.,"委托,实行,承诺,保证"
committee,n.,委员会
common,a.,"普通的,一般的;共有的"
communicate,v.,"交际;传达(感情,信息等)"
communication,n.,交际;交往;通讯
communism,n.,共产主义
communist,n.,共产主义者
communist,a.,共产党的;共产主义的
companion,n.,同伴;同事
company,n.,公司
compare,vt.,"比较,对照"
compass,n.,指南针
compensate,v.,"偿还,补偿,付报酬"
compete,vi.,"比赛,竞赛"
competence,n.,能力
competition,n.,"比赛,竞赛"
complete,a.,完成的
complete,vt.,"完成,结束"
complex,a.,复杂的
component,n.,"元件,组件,成份"
composition,n.,作文;作曲
comprehension,n.,"理解(力),领悟"
compromise,n.,"妥协,折衷"
compromise,v.,"妥协,让步"
compulsory,a.,"被强制的,强迫的,义务的"
computer,n.,电子计算机
comrade,n.,同志
concentrate,v.,"集中,专心,浓缩"
concept,n.,"概念,观念"
concern,n.,"关心,关系,关切的事,忧虑"
concern,v.,"涉及,与...有关,影响;使关心"
concert,n.,音乐会;演奏会
conclude,v.,"完成,结束"
conclusion,n.,结论;结束
concrete,n.,"水泥,混凝土"
condition,n.,"条件,状况"
condemn,v.,"判刑,责备,处刑"
conduct,vt.,"引导,带领"
conductor,n.,"管理人;指导者;(车上的)售票员,列车员;乐队指挥"
conference,n.,(正式的)会议;讨论
confident,a.,"确信的,自信的"
confidential,a.,"机密的,获他人信赖的,易于信任他人的"
confirm,v.,"确定,批准,证实"
conflict,n.,"冲突,矛盾,争执"
confuse,v.,"混乱,狼狈,困惑"
congratulate,vt.,祝贺
congratulation,n.,"祝贺,庆贺"
connect,vt.,"连接,把…联系起来"
connection,n.,"连接物;接触,联系"
conscience,n.,良心
consensus,n.,"一致,合意,交感"
consequence,n.,"结果,后果"
conservative,a.,"保守的,守旧的;保守主义的;谨慎的"
conservative,n.,"保守的人,保守主义"
consider,vt.,考虑
considerate,a.,体贴的
consideration,n.,考虑;关心
consist,v.,"包含,组成,构成"
constant,a.,"经常的,不断的"
constitution,n.,"宪法,组织,体格"
construct,v.,"构筑;建造,建设"
construction,n.,"建造,建设;建筑物"
consult,v.,"商讨,向...请教,查阅"
consultant,n.,顾问
consume,v.,"消耗,消费,饮食;毁灭;消磨;枯萎"
contain,v.,包含;包括;能容纳
container,n.,容器
contemporary,n.,同时代的人
contemporary,a.,同时代的
content 1,a.,"甘愿的,满意的"
content 2,n.,内容
continent,n.,"大陆,大洲;陆地"
continue,vi.,继续
contradict,v.,"反驳,顶触,矛盾"
contradictory,a.,"反驳的,反对的,抗辩的"
contrary,n.,相反
contrary,a.,相反的
contribute,v.,"有助于,捐助,投稿,贡献"
contribution,n.,贡献
controversial,a.,"引起争论的,有争议的"
convenience,n.,便利
convenient,a.,"便利的,方便的"
conventional,a.,"普通的,常见的,常规的"
conversation,n.,"谈话,交谈"
convey,v.,"传达,运输,转移"
convince,v.,"说服,使...相信"
cook,n.,"炊事员,厨师"
cook,v.,"烹调,做饭"
cooker,n.,炊具(锅、炉灶、烤炉等)
cookie,n.,小甜饼
cool,a.,"凉的,凉爽的;酷"
copy,n.,"抄本,副本;一本(份,册…)"
copy,v.,抄写;复印;(计算机用语)拷(备份盘)
coral,n.,珊瑚;珊瑚虫
corner,n.,角;角落;拐角
corporation,n.,公司
correct,v.,改正;纠正
correct,a.,"正确的,对的;恰当的"
correction,n.,改正
correspond,vi.,"一致;与…相当;(与人)通信,有书信往来"
corrupt,a.,"腐败的,贪污的,败德的"
cost,n.,价格
cost,v.,值(多少钱);花费
cosy,a.,舒适的
cottage,n.,"(郊外的)小屋,村舍;别墅"
cotton,n.,棉花
cotton,a.,棉花的
could,v.,"(can的过去式)可以…;(表示许可或请求)可以…,行"
count,vt.,"数,点数"
counter,n.,"柜台,结账处"
country,n.,"国家;农村,乡下"
countryside,n.,"乡下,农村"
couple,n.,"夫妇,一对"
courage,n.,勇气; 胆略
course,n.,过程;经过;课程
court,n.,法庭;法院
courtyard,n.,"庭院,院子"
cousin,n.,"堂(表)兄弟,堂(表)姐妹"
cover,n.,盖子;罩
cover,v.,"覆盖,遮盖;掩盖"
cow,n.,"母牛,奶牛"
crazy,a.,疯狂的
cream,n.,"奶油,乳脂"
create,vt.,创造; 造成
creature,n.,"生物,动物,人"
credit,n.,信用;信赖;信誉
crew,n.,全体船员
criminal,n.,罪犯
criterion,n.,"标准,准则"
crop,n.,庄稼;收成
cross 1,a.,"脾气不好的,易怒的"
cross 2,n.,十字形的东西
cross 2,vt.,越过;穿过
crossing,n.,"十字路口,人行横道"
crossroads,n.,交*路口
crowd,n.,人群
crowd,vt.,"拥挤,群聚"
cruel,a.,"残忍的,残酷的;无情的"
cry,n.,叫喊;哭声
cry,v.,喊叫;哭
cube,n.,立方体
cuisine,n.,烹饪
culture,n.,"文化,教养,种植"
cup,n.,茶杯
cupboard,n.,碗柜;橱柜
curious,a.,好奇的;奇异的
currency,n.,货币;现金
curriculum,n.,课程，全部课程
curtain,n.,窗帘
cushion,n.,垫子
custom,n.,"习惯,习俗,风俗习惯"
customer,n.,"(商店等的)顾客,主顾"
customs,n.,"海关,关税"
cut,v.,"切,剪,削,割"
cut,n.,伤口
cycle,vi.,骑自行车
cyclist,n.,骑自行车的人
daily,a.,每日的;日常的
daily,ad.,每天
daily,n.,日报
dam,n.,"水坝,堰堤"
danger,n.,危险
dangerous,a.,危险的
dark,n.,黑暗;暗处;日暮
dark,a.,黑暗的;暗淡的;深色的
darkness,n.,"黑暗,阴暗"
data,n.,"资料,数据"
database,n.,"资料库,数据库"
date 1,n.,日期;约会
daughter,n.,女儿
dawn,n.,"黎明,拂晓"
dead,a.,死的;无生命的
deal,n.,"量,数额;交易"
dear 1,int.,(表示惊愕等)哎呀！唷！
dear 2,a.,亲爱的; 贵的
death,n.,死
december,n.,12月
debt,n.,债务; 欠款
decade,n.,十年
decide,v.,决定; 下决心
decision,n.,决定; 决心
declare,vt.,声明;断言
decline,v.,"降低,婉谢"
decrease,n.,"减少,减少之量"
decrease,v.,减少
deed,n.,行为;事迹
deep,a.,深
deep,ad.,深;深厚
deer,n.,鹿
defeat,vt.,击败;战胜
defend,vt.,防守;保卫
degree,n.,程度;度数;学位
deliberately,ad.,故意地
delicate,a.,"细致优雅的,微妙的,美味的"
delicious,a.,"美味的,可口的"
delight,n.,快乐; 乐事
delighted,a.,"高兴的,快乐的"
deliver,vt.,"投递(信件,邮包等)"
demand,vt.,要求
dentist,n.,牙科医生 
departure,n.,"离开,启程"
depend,vi.,"依靠,依赖,指望;取决于"
deposit,n.,"存款,定金,堆积物"
depth,n.,"深,深度"
describe,vt.,"描写,叙述"
description,n.,"描述,描写"
desert 1,n.,沙漠
desk,n.,"书桌, 写字台"
desperate,a.,"不顾一切的,绝望的"
dessert,n.,甜点
destination,n.,"目的地,终点"
destroy,vt.,"破坏,毁坏"
detective,n.,侦探
determine,vt.,决定;决心
development,n.,"发展,发达,发育,开发"
devote,vt.,把…奉献; 把…专用(于)
devotion,n.,"奉献,奉献精神"
diagram,n.,"图表,图样"
dial,vt.,拨(电话号码)
diamond,n.,"钻石,金刚石;纸牌中的方块"
diary,n.,日记;日记簿
dictation,n.,听写
dictionary,n.,"词典,字典"
die,v.,死
diet,n.,饮食
differ,v.,"相异,有区别"
difference,n.,不同
different,a.,"不同的,有差异的"
difficult,a.,难的;艰难的;不易相处的
difficulty,n.,"困难,费力"
dig,v.,挖(洞、沟等);掘
digest,v.,消化; 领会
dignity,n.,尊严
dilemma,n.,"困境,进退两难"
dimension,n.,"尺寸,次元,容积,维度"
dinner,n.,"正餐,宴会"
dinosaur,n.,恐龙
dioxide,n.,二氧化物
dip,vt.,"浸,蘸;把…放入又取出"
diploma,n.,毕业文凭;学位证书
direct,a.,直接的;直达的;直截了当的
direct,vt.,"指挥;指导;监督;管理;指挥,导演(电影)"
direction,n.,方向;方位
director,n.,"所长,处长,主任;董事;导演"
directory,n.,姓名地址录
dirt,n.,污物;脏物
dirty,a.,脏的
disability,n.,残疾;无能
disabled,a.,"残废的,残疾的"
disadvantage,n.,不利条件;弱点
disagree,vi.,"意见不一致,持不同意见"
disagreement,n.,意见不一致;相违;争论
disappear,vi.,消失
disappoint,vt.,使失望
disappointment,n.,失望;沮丧
disaster,n.,灾难;祸患
discount,n.,折扣
discover,vt.,发现
discovery,n.,发现
discrimination,n.,歧视
discuss,vt.,"讨论,议论"
discussion,n.,"讨论,辩论"
disease,n.,"病,疾病"
disgusting,a.,令人厌恶
dish,n.,"盘,碟;盘装菜;盘形物"
dislike,v.,"不喜欢,厌恶"
dismiss,vt.,让…离开;遣散;解散;解雇
distance,n.,距离
distant,a.,"远的,遥远的"
distinguish,v.,"区别,辨别,表现突出"
distribute,v.,"分配,散布"
district,n.,区;地区;区域
disturb,vt.,扰乱;打扰
disturbing,a.,烦扰的
dive,vi.,跳水
diverse,a.,"不同的,相异的,多种多样的"
divide,vt.,"分,划分"
divorce,n.,离婚
divorce,v.,与...办离婚
dizzy,a.,头眩目晕的
doctor,n.,"医生,大夫;博士"
document,n.,文件;文献
dog,n.,狗
doll,n.,"玩偶,玩具娃娃"
dollar,n.,元(美国、加拿大等国货币单位)
donate,v.,捐赠
door,n.,门
dormitory,n.,学生宿舍(缩dorm)
dot,n.,"点,小点,圆点"
double,a.,两倍的;双的
double,n.,两个;双
down,prep.,"沿着,沿…而下"
down,ad.,向下
downstairs,ad.,在楼下;到楼下
downtown,ad.,往或在城市的商业区
downtown,n.,"城市的商业区,中心区,闹市区"
dozen,n.,"十二个;几十,许多"
draft,n.,"草稿,草图,汇票"
drag,v.,拖;拽
draw,v.,"绘画;绘制;拉,拖;提取(金钱)"
drawer,n.,抽屉
drawing,n.,"图画,素描(画);绘画"
dress,n.,"女服,连衣裙;(统指)服装;童装"
dress,v.,穿衣;穿着
drill,n.,钻头;(反复的)训练
drill,vt.,"钻(孔), 在…上钻孔;重复训练"
drink,n.,饮料;喝酒 
drink,v.,"喝,饮 "
driver,n.,"司机,驾驶员"
drop,n.,滴
drop,v.,"掉下,落下;投递;放弃"
drown,vi.,溺死;淹没
drug,n.,"药,药物;毒品"
drum,n.,鼓
drunk,a.,醉的
dry,v.,使…干;弄干;擦干
dry,a.,干的;干燥的
duck,n.,鸭子
due,a.,预期的;约定的
dull,a.,阴暗的;单调无味
dumpling,n.,饺子
during,prep.,在…期间;在…过程中
dusk,n.,黄昏
dust,n.,"灰尘,尘土"
dustbin,n.,垃圾箱
dusty,a.,"尘土般的,尘土多的"
duty,n.,"责任,义务"
dynamic,a.,"动态的,有动力的,有力的"
dynasty,n.,"朝代,王朝"
eager,a.,"渴望的,热切的"
eagle,n.,鹰
ear,n.,"耳朵;耳状物;听力,听觉"
early,a.,早的
early,ad.,早地
earn,vt.,"挣得,赚得"
earth,n.,"地球;土,泥;大地"
earthquake,n.,地震
easter,n.,复活节
eastern,a.,东方的;东部的
easy,a.,"容易的,不费力的"
eat,v.,吃
ecology,n.,生态学
edge,n.,边缘
editor,n.,编辑
educate,vt.,"教育,培养"
education,n.,"教育,培养"
educator,n.,教育家
effect,n.,效果;作用
effort,n.,"努力,艰难的尝试"
egg,n.,蛋;卵
eggplant,n.,茄子
eight,num.,八
either,a.,两方任一方的;二者之一
either,conj.,二者
elder,n.,长者;前辈
electric,a.,电的
electrical,a.,电的;电器的
electricity,n.,电;电流
electronic,a.,电子的
elegant,a.,"优雅的,精美的,俊美的"
elephant,n.,象
eleven,num.,十一
else,ad.,"别的,其他的"
embarrass,v.,"使...困窘,使...局促不安,阻碍"
embassy,n.,大使馆
emergency,n.,"紧急情况或状态,突发事件"
emperor,n.,皇帝
empire,n.,帝国
employ,vt.,雇佣
empty,a.,空的
encourage,vt.,鼓励
encouragement,n.,鼓励
end,n.,末尾;终点;结束
end,v.,"结束,终止"
ending,n.,"结局;结尾,最后"
endless,a.,无止境的; 没完的
enemy,n.,敌人;敌军
energetic,a.,精力旺盛的
energy,n.,"精力,能量"
engine,n.,"发动机,引擎"
engineer,n.,工程师;技师
english,a.,"英国的,英国人的,英语的"
english,n.,英语
englishman,n.,英国人
enjoy,vt.,欣赏;享受…之乐趣;喜欢
enjoyable,a.,愉快的;有趣的
enlarge,vt.,扩大
enough,n.,足够;充足
enough,a.,足够的;充分的
enough,ad.,足够地;充分地
enquiry,n.,询问
enter,vt.,进入
enterprise,n.,"企业,事业"
entertainment,n.,娱乐
enthusiastic,a.,"热情的,热心的"
entire,a.,"整个的,全部的"
entry,n.,进入
envelope,n.,信封
environment,n.,环境
equal,a.,平等的
equal,vt.,"等于,使等于"
equality,n.,平等
equip,vt.,提供设备;装备;配备
equipment,n.,"装备,设备"
eraser,n.,橡皮擦;黑板擦
error,n.,错误;差错
erupt,v.,爆发
especially,ad.,"特别,尤其"
essay,n.,散文;文章;随笔
european,a.,"欧洲的,欧洲人的"
european,n.,欧洲人
evaluate,v.,"评估,评价"
eve,n.,"前夜,前夕"
even,ad.,"甚至,连(…都);更"
evening,n.,"傍晚,晚上"
eventually,ad.,最终地
ever,ad.,曾经;无论何时
every,a.,"每一,每个的"
everybody,pron.,"每人,人人"
everyone,pron.,"每人,人人"
everyday,a.,每日的; 日常的
everything,pron.,"每件事,事事"
everywhere,ad.,到处
evident,a.,"明显的,明白的"
evolution,n.,"进化,发展,进展"
exact,a.,精确的;确切的
exactly,ad.,精确地;确切地
examine,vt.,检查;诊察
example,n.,例子;榜样
excellent,a.,"极好的,优秀的"
except,prep.,除…之外
excite,vt.,"使兴奋,使激动"
exciting,a.,令人兴奋的
excuse,n.,借口;辩解
excuse,vt.,原谅;宽恕
exhibition,n.,展览;展览会
exist,vi.,存在
existence,n.,存在; 生存; 存在物
exit,n.,"出口,太平门"
expect,vt.,预料;盼望;认为
expectation,n.,预料;期望
expense,n.,消费; 支出
expensive,a.,昂贵的
experience,n.,经验;经历
experiment,n.,实验
expert,n.,"专家,能手"
explain,vt.,"解释,说明"
explanation,n.,"解释,说明"
explicit,a.,"明确的,详述的，明晰的,外在的"
explode,v.,(使)爆炸
exploit,vt.,"开采,开发;利用;剥削"
explore,v.,"探险,探测"
expose,vt.,揭露
expression,n.,"表达;词句;表示,说法;表情"
extension,n.,"延长,扩充,范围"
extra,a.,"额外的,外加的"
extraordinary,a.,离奇的; 使人惊奇的
extreme,a.,"极度的,极端的,尽头的,末端的"
extremely,ad.,"极其,非常"
eye,n.,眼睛
eyesight,n.,视力;视觉
face,n.,脸
face,vt.,面向;面对
facial,a.,面部用的
fact,n.,"事实,现实"
factory,n.,工厂
fade,vi.,"褪色,(颜色)消退"
fail,v.,失败;不及格;衰退
failure,n.,失败
fair 1,a.,"公平的,合理的"
fair 2,a.,(肤色)白皙的;(人)白肤金发的
fair 3,n.,集市; 庙会; 展览会
fairly,ad.,"公正地,正当地;相当(程度)地"
fairness,n.,公平;公正
faith,n.,信仰;信念
fall 1,n.,(美)秋季
fall 2,vi.,"落(下),降落;倒"
false,a.,不正确的;假的
familiar,a.,熟悉的
family,n.,家庭;家族;子女
famous,a.,著名的
fan 2,n.,风扇
farm,n.,农场;农庄
farmer,n.,农民
farther,a.,"更远的,进一步的"
fast,a.,"快的,迅速的;紧密的"
fast,ad.,"快地,迅"
fasten,vt.,扎牢;扣住
fat,n.,脂肪
fat,a.,胖的;肥的
father,n.,父亲
fault,n.,"缺点,毛病"
fax,n.,传真
fear,n.,害怕;恐惧;担忧
feast,n.,"宴会,酒席,节会"
feather,n.,羽毛
february,n.,2 月
federal,a.,中央的(政府等);联邦的
fee,n.,"费,费用"
feed,vt.,喂(养);饲(养)
feeling,n.,感情;感觉
fellow,n.,同伴;伙伴
female,a.,女的;女性的;雌性的
fence,n.,栅栏;围栏;篱笆
ferry,n.,渡船
festival,a.,"节日的,喜庆的"
festival,n.,"节日,欢宴"
fever,n.,发烧;发热
few,pron.,不多;少数 不多的;少数的
fiction,n.,"小说,虚构"
field,n.,田地;牧场;场地
fierce,a.,猛烈的
fifteen,num.,十五
fifth,num.,第五
fifty,num.,五十
fight,n.,"打架,战斗,斗志"
fight,v.,"对抗,打架"
figure,n.,数字;数目;图;图形;(人的)身型;人
file,n.,"公文柜;档案,(计算机)文档"
fill,vt.,"填空,装满"
film,n.,电影;影片;胶卷
film,vt.,"拍摄,把…拍成电影"
final,a.,最后的;终极的
finance,n.,"财政,财务"
find,vt.,"找到,发现,感到"
fine 1,a.,细的;晴朗的;美好的;(身体)健康的
finger,n.,手指
fingernail,n.,指甲
finish,v.,结束;做完
fire,n.,火; 火炉; 火灾
fire,vi.,"开火,开(枪, 炮等),射击,解雇"
fireworks,n.,焰火
first,num.,第一
first,a.,&
first,ad.,第一;首次;最初
first,n.,开始;开端
fish,n.,鱼;鱼肉
fish,vi.,钓鱼;捕鱼
fisherman,n.,渔民;钓鱼健身者
fist,n.,拳(头)
fit,a.,"健康的, 适合的"
fit,v.,"(使)适合,安装"
five,num.,五
fix,vt.,"修理;安装; 确定,决定"
flag,n.,旗;标志;旗舰
flame,n.,"火焰,光辉"
flash,n.,闪;闪光; 转瞬间
flashlight,n.,手电
flat,a.,平的
flat,n.,楼中一套房间;公寓(常用复数)
flee,v.,逃走;逃跑
flexible,a.,"灵活的,易弯曲的,柔韧的"
flesh,n.,肉
flight 1,n.,航班
flight 2,n.,楼梯的一段
float,vi.,"漂浮,浮动"
flood,n.,洪水
flood,vt.,"淹没,使泛滥"
floor,n.,"地面,地板;(楼房的)层"
flour,n.,"面粉,粉"
flow,vi.,流动
flower,n.,花
flu,n.,流行性感冒
fluency,n.,流利
fluent,a.,"流利的,流畅的"
fly,n.,飞行;苍蝇
focus,n.,"焦点,焦距"
fog,n.,雾
foggy,a.,多雾的
fold,vt.,折叠;合拢
folk,a.,民间的
follow,vt.,跟随;仿效;跟得上
fond,a.,"喜爱的,爱好的"
food,n.,"食物,食品"
fool,n.,"傻子,蠢人"
foolish,a.,"愚蠢的,傻的"
foot,n.,"足,脚;英尺"
for,prep.,"为了…;向…,往…;与…交换;;适合…;因为…;对…来说"
for,conj.,"因为,由于"
forbid,vt.,"禁止,不许"
force,vt.,"强迫,迫使"
forehead,n.,前额
foreign,a.,外国的
foreigner,n.,外国人
foresee,vt.,预见; 预知
forest,n.,森林
forever,ad.,永远;永恒的
forgetful,a.,"健忘的,不留心的"
forgive,vt.,"原谅,宽恕"
fork,n.,"叉,餐叉"
form,n.,表格;形式;结构
format,n.,"设计,版式"
format,vt.,"使格式化,设计,安排"
former,a.,"以前的,从前的;(两者之中的)前者"
fortnight,n.,"十四日,两星期"
fortunate,a.,幸运的; 侥幸的
fortunately,ad.,"幸运地,幸亏"
fortune,n.,财产;运气
forty,num.,四十
forward,ad.,"将来,今后;向前,前进"
found,vt.,"成立,建立"
fountain,n.,喷泉
four,num.,四
fourth,num.,第四
fox,n.,狐狸
franc,n.,法郎
fragile,a.,"易碎的,脆的"
fragrant,a.,"芬香的,馥郁的,愉快的"
free,a.,"自由的,空闲的;免费的"
freedom,n.,自由
freeway,n.,高速公路
freeze,vi.,结冰
freezing,a.,冻结的;极冷的
french,n.,语
french,a.,法国的;法国人的;法语的
frequent,a.,经常的;频繁的
fresh,a.,新鲜的
friction,n.,"摩擦,摩擦力"
friday,n.,星期五
friend,n.,朋友
friendly,a.,友好的
friendship,n.,"友谊,友情"
fright,n.,惊恐;恐吓
frog,n.,青蛙
from,prep.,从;从…起;距;来自
front,a.,前面的;前部的
front,n.,前面;前部;前线
frontier,n.,"前沿,边界;前线"
frost,n.,霜
fruit,n.,水果;果实
fry,vt.,用油煎;用油炸
fuel,n.,燃料
full,a.,"满的,充满的;完全的"
fun,n.,"有趣的事,娱乐,玩笑"
function,n.,"功能,函数"
function,vi.,"运行,起作用"
fundamental,a.,"基本的,根本的"
funeral,n.,葬礼
funny,a.,"有趣的,滑稽可笑的"
fur,n.,毛皮;皮子
furnished,a.,配备了家具的
furniture,n.,(总称)家具
further,a.,更远的
further,ad.,"此外,进一步地"
future,n.,将来
future,vt.,赢得;挣得
gale,n.,强风(约每小时60英里)
gallery,n.,画廊;美术品陈列室
gallon,n.,加仑
game,n.,游戏;运动;比赛
garage,n.,汽车间(库)
garbage,n.,垃圾
garden,n.,"花园,果园,菜园"
garlic,n.,大蒜
garment,n.,衣服
gas,n.,煤气
gate,n.,大门
gather,v.,聚集;采集
gay,a.,"(男)同性恋的;快活的,愉快的"
general,a.,"大体的,笼统的,总的"
generally,ad.,一般地
generation,n.,"代,一代"
generous,a.,"慷慨的,宽宏大量的"
gentle,a.,"温柔的,轻轻的"
geography,n.,地理学
geometry,n.,几何学
german,a.,"德国的,德国人的,德语的"
german,n.,"德国人,德语"
gesture,n.,"姿势,手势"
get,vt.,成为;得到;具有;到达
gift,n.,赠品; 礼物
gifted,a.,有天赋的; 有才华的
giraffe,n.,长颈鹿
girl,n.,女孩
give,vt.,给;递给;付出;给予
glad,a.,高兴的;乐意的
glance,vi.,匆匆一看; 一瞥
glare,v.,瞪眼;怒目而视;闪耀
glass,n.,玻璃杯;玻璃;(复)眼镜
globe,n.,地球仪;地球
glory,n.,巨大的光荣;荣誉;赞美
glove,n.,手套
glue,n.,胶水
go 2,n.,尝试(做某事)
goal,n.,"(足球)球门,目标"
goat,n.,山羊
god,n.,"神,(大写)上帝"
gold,n.,黄金
gold,a.,"金的,黄金的"
golden,a.,金(黄)色的
golf,n.,高尔夫球
good-bye,int.,再见;再会
goods,n.,"商品,货物"
goose,n.,鹅
govern,v.,统治; 管理
government,n.,政府
grade,n.,"等级;(中小学的)学年;成绩,分数"
gradual,a.,"逐渐的,逐步的"
gradually,ad.,逐渐地
graduate,v.,毕业
graduation,n.,"毕业,毕业典礼"
grain,n.,"谷物,谷类"
gram,n.,克(重量单位)
grammar,n.,语法
grand,a.,宏伟的
granddaughter,n.,(外)孙女
grandparents,n.,"祖父母,外祖父母"
grandson,n.,(外)孙子
granny,n.,老奶奶;祖母;外婆
grape,n.,葡萄
graph,n.,"图表,曲线图"
grasp,v.,抓住;紧握
grass,n.,草;草场;牧草
grateful,a.,"感激的,感谢的"
gravity,n.,"地心引力,重力,严重,庄重,严肃"
great,a.,伟大的;重要的;好极了
great,ad.,"(口语)好极了,很好"
greedy,a.,贪婪的
greek,n.,"希腊的,希腊人的,希腊语的 希腊人,希腊语"
green,a.,绿色的;青的
green,n.,绿色
greengrocer,n.,(英)蔬菜水果商
greet,vt.,问候; 向…致敬
greeting,n.,祝贺
grill,n.,(烧食物的)烤架
grocer,n.,零售商人;食品店
grocery,n.,杂货店
ground,n.,地面
group,n.,"组,群"
growth,n.,"生长,增长"
guard,n.,"防护装置,警戒"
guess,vi.,猜
guest,n.,"客人,宾客"
guidance,n.,"引导,指导"
guide,n.,"向导,导游者"
guilty,a.,有罪的;犯法的;做错事的
guitar,n.,"吉他,六弦琴"
gun,n.,"枪,炮"
gymnastics,n.,体操
habit,n.,"习惯,习性"
hair,n.,头发
haircut,n.,(男子)理发
hall,n.,"大厅,会堂,礼堂;过道"
ham,n.,火腿
hamburger,n.,汉堡包
hammer,n.,"锤子,锣锤"
handbag,n.,"女用皮包,手提包"
handful,n.,"(一)把; 少数,少量"
handkerchief,n.,手帕
handle,n.,"柄,把"
handle,v.,处理
handsome,a.,英俊的
handwriting,n.,书法
handy,a.,"便利的,顺手的 "
happen,vi.,(偶然)发生
happiness,n.,"幸福,愉快"
happy,a.,"幸福的;快乐的,高兴的"
hard,ad.,努力地;使劲;猛烈地
hard,a.,硬的;困难
hardly,ad.,几乎不
hardship,n.,困难
hardworking,a.,努力工作的
harmful,a.,有害的;致伤的
harmless,a.,无害的;不致伤的
hat,n.,帽子(一般指有边的);礼帽
hatch,v.,(鸟、鸡)孵蛋
have,vt.,有;吃;喝;进行;经受
he,pron.,他(主格)
head,n.,头;头脑(像);才智;首脑;源头;标题
head,a.,头部的;主要的;首席的
head,v.,率领;加标题;用头顶;出发;(船等)驶向
headache,n.,头疼
headline,n.,(报刊的)大字标题
headmaster,n.,(英)中小学校长
health,n.,"健康,卫生"
healthy,a.,"健康的,健壮的"
hear,v.,"听见;听说,得知"
hearing,n.,听力
heart,n.,心;心脏;纸牌中的红桃
heat,n.,热
heat,vt.,把…加热
heaven,n.,"天,天空"
heavy,a.,重的
heel,n.,脚后跟
height,n.,"高,高度"
helicopter,n.,直升飞机
helmet,n.,头盔
helpful,a.,"有帮助的,有益的"
hen,n.,母鸡
her,pron.,"她(宾格),她的"
herb,n.,草药
here,ad.,"这里,在这里;向这里"
hero,n.,"英雄,勇士,男主角"
hers,pron.,她的(名词性物主代词)
herself,pron.,她自己
hide,v.,"把…藏起来,隐藏"
high,a.,高的;高度的
high,ad.,高地
highway,n.,公路
hill,n.,小山;丘陵;土堆;斜坡
him,pron.,他(宾格)
himself,pron.,他自己
hire,vt.,租用
his,pron.,他的
history,n.,"历史,历史学"
hobby,n.,"业余爱好,嗜好"
hole,n.,"洞,坑"
holiday,n.,假日;假期
holy,a.,神圣的
home,n.,家
home,ad.,到家;回家
homeland,n.,祖国
hometown,n.,故乡
homework,n.,家庭作业
honest,a.,"诚实的,正直的"
honey,n.,蜂蜜
hopeful,a.,有希望的;有前途的
hopeless,a.,没有希望的;不可救药的
horrible,a.,令人恐惧的;恐怖的
horse,n.,马
hospital,n.,医院
host,n.,主人;节目主持人
host,v.,做主人招待
hostess,n.,女主人
hot,a.,热的
hot dog,phr.,热狗(红肠面包)
hotel,n.,"旅馆,饭店,宾馆"
hour,n.,小时
house,n.,房子;住宅
housework,n.,家务劳动
how,ad.,"怎样,如何;多少;多么"
howl,vi.,"嚎叫,嚎哭"
hug,n.,"紧抱,拥抱"
huge,a.,"巨大的,庞大的"
humorous,a.,富于幽默的
hundred,num.,百
hunger,n.,饥饿
hungry,a.,(饥)饿的
hunt,vt.,"寻找;狩猎,猎取"
hunter,n.,猎人
hurricane,n.,"飓风,十二级风"
hurry,vi.,赶快;急忙
husband,n.,丈夫
i,pron.,我(主格)
ice,n.,冰
ice-cream,n.,冰淇淋
idea,n.,"主意,意见,打算,想法"
identity,n.,身份
idiom,n.,"习语,成语"
if,conj.,"如果,假使;是否,是不是"
ignore,v.,"不顾,不理,忽视"
ill,a.,有病的;不健康的
illegal,a.,"不合法的,非法的"
illness,n.,疾病
imagine,vt.,"想像,设想"
immediate,a.,"立即的,马上"
immediately,ad.,立即
immigration,n.,移民
importance,n.,重要性
important,a.,重要的
impossible,a.,不可能的
impress,vt.,留下极深的印象
impression,n.,"印象,感觉"
improve,vt.,"改进,更新"
inch,n.,英寸
incident,n.,事件
include,vt.,"包含,包括"
income,n.,"收入,所得"
indeed,a.,确实; 实在
independence,n.,独立
independent,a.,独立的; 有主见的
industry,n.,"工业,产业"
infer,v.,"推论,推断"
inform,vt.,告诉; 通知
information,n.,信息
initial,a.,"开始的,最初的"
injure,vt.,"损害,伤害"
injury,n.,受伤处
ink,n.,"墨水,油墨"
inn,n.,小旅店;小饭店
innocent,a.,"无罪的,无知的,无辜的"
insect,n.,昆虫
insert,vt.,插入
inside,prep.,在…里面
inside,ad.,在里面
insist,vi.,坚持;坚决认为
inspect,vt.,检查;检验;审视
inspire,vt.,鼓舞; 激励
instant,a.,瞬间;刹那
instead,ad.,"代替,顶替"
institute,n.,"(研究)所, 院,学院"
institution,n.,(慈善、宗教等性质的)公共机构; 学校
instruct,vt.,通知; 指示;教
instruction,n.,"说明,须知;教导"
instrument,n.,"乐器;工具,器械"
insurance,n.,保险
insure,vt.,给…保险
intend,vt.,"想要,打算"
intention,n.,"意图,意向,目的"
interest,n.,"兴趣,趣味;利息"
interesting,a.,有趣的
international,a.,国际的
internet,n.,"互联网,英特网"
interpreter,n.,翻译
interrupt,v.,"打扰,打断"
interval,n.,间歇;间隔
into,prep.,到…里;向内;变成
introduce,vt.,介绍
introduction,n.,"引进,介绍"
invent,vt.,"发明,创造"
invention,n.,"发明,创造"
invitation,n.,"邀请,请帖"
invite,vt.,"邀请,招待"
iron,n.,"铁,熨斗"
iron,vt.,熨烫
irrigation,n.,灌溉
island,n.,岛
it,pron.,它
its,pron.,它的
itself,pron.,它自己
jacket,n.,"短上衣,夹克衫"
jam,n.,果酱;阻塞
january,n.,1月
japanese,a.,"日本的,日本人的,日语的"
japanese,n.,"日本人,日语"
jar,n.,罐子; 坛子
jaw,n.,下巴
jazz,n.,"爵士音乐,爵士舞曲"
jeans,n.,牛仔裤
jeep,n.,吉普车
jet,n.,喷气式飞机;喷射(器)
jewelry,n.,(总称)珠宝
job,n.,(一份)工作
jog,v.,慢跑
join,v.,"参加,加入;连接;会合"
joke,n.,笑话
journalist,n.,"记者,新闻工作者"
journey,n.,"旅行,路程"
joy,n.,"欢乐,高兴,乐趣"
judge,n.,裁判;审判员;法官
judge,vt.,"判断,断定"
judgement,n.,裁判
juice,n.,汁、液
july,n.,7月
jump,n.,跳跃;跳变
jump,v.,跳跃;惊起;猛扑
june,n.,6月
jungle,n.,"丛林,密林"
junior,a.,初级的;年少的
just 1,ad.,刚才;恰好;不过;仅
just 2,a.,公正的
justice,n.,正义; 公正;司法
kangaroo,n.,大袋鼠
kettle,n.,(烧水用的)水壶
key,n.,钥匙;答案;键;关键
keyboard,n.,键盘
kid,n.,小孩
kid,v.,"开玩笑,哄骗,嘲弄"
kill,v.,"杀死,弄死"
kilo,n.,千克;千米
kilogram,n.,千克
kilometre,n.,千米(公里)
kind,n.,种;类
kind,a.,善良的;友好的
kindergarten,n.,幼儿园
kindness,n.,仁慈;善良
king,n.,国王
kingdom,n.,王国
kitchen,n.,厨房
kite,n.,风筝
knee,n.,膝盖
knife,n.,小刀;匕首;刀片
knowledge,n.,"知识,学问"
ladder,n.,梯子
lady,n.,"女士,夫人"
lake,n.,湖
lamb,n.,羔羊
lame,a.,"跛的,瘸的 ,残废的"
lamp,n.,"灯,油灯;光源"
land,n.,陆地;土地
land,v.,登岸(陆);降落
language,n.,语言
lantern,n.,灯笼;提灯
last 1,a.,最近刚过去的;最后的
last 1,ad.,最近刚过去;最后地
last 1,n.,最后
late,a.,"晚的, 迟的"
late,ad.,"晚地, 迟地"
lately,ad.,"最近,不久前"
later,a.,"晚些的,迟些的"
latter,n.,(两者之中的)后者
laughter,n.,笑; 笑声
laundry,n.,洗衣店; 要洗的衣服
law,n.,"法律, 法令; 定律"
lawyer,n.,律师
lay,vt.,"放,搁"
lazy,a.,懒惰的
leader,n.,"领袖,领导人"
leaf,n.,"(树,菜)叶"
league,n.,"联盟,社团"
leak,vi.,漏; 渗
least,n.,"最少,最少量"
leather,n.,皮革
leave,v.,"离开;把…留下,剩下"
lecture,n.,"讲课,演讲"
left,a.,左边的
left,ad.,向左
left,n.,"左,左边"
leg,n.,腿;腿脚;支柱
lemon,n.,柠檬
lemon,a.,柠檬色(味)的
lemonade,n.,柠檬水
lend,vt.,"借(出),把…借给"
length,n.,"长,长度,段,节"
lesson,n.,课;功课;教训
let,vt.,让
letter,n.,信;字母
level,n.,"水平线,水平"
liberate,vt.,"解放, 使获自由"
liberation,n.,解放
liberty,n.,自由
librarian,n.,图书管理员; 图书馆馆长
library,n.,"图书馆,图书室"
license,n.,"执照,许可证"
lid,n.,盖子
lifetime,n.,"一生,终生"
lift 1,v.,"举起,抬起;(云、烟等)消散"
lift 2,n.,(英) 电梯
light,n.,"光, 光亮; 灯,灯光"
light,vt.,"点(火),点燃"
light,a.,明亮的;轻的;浅色的
limit,vt.,限制;减少
link,v.,连接; 联系
link,n.,"环节,联系"
lion,n.,狮子
lip,n.,嘴唇
list,n.,"一览表,清单"
listen,vi.,"听,仔细听"
literature,n.,文学
literary,a.,文学的
litter,v.,乱丢杂物
live 1,vi.,生活;居住;活着
live 2,a.,"活的,活着的;实况,现场(直播)的"
lively,a.,活泼的; 充满生气的
living,a.,活着的
living,n.,生计
living-room,n.,起居室
load,n.,"担子,货物"
loaf,n.,一个面包
local,a.,当地的; 地方的
lock,n.,锁
lock,vt.,"锁,锁上"
lonely,a.,"孤独的, 寂寞的"
long,a.,"长的, 远"
long,ad.,长久
look,n.,"看,瞧"
look,v.,"看,观看"
loose,a.,松散的; 宽松的
lorry,n.,"(英)运货汽车,卡车"
loss,n.,丧失; 损耗
lot,n.,"许多,好些"
loud,a.,大声的
lounge,n.,休息厅;休息室
lovely,a.,"美好的,可爱的"
luck,n.,"运气,好运"
lucky,a.,"运气好,侥幸"
luggage,n.,(总称)行李
lunch,n.,"午餐,午饭"
lung,n.,肺; 肺脏
machine,n.,机器
mad,a.,发疯的;生气的
magazine,n.,杂志
magic,a.,有魔力的
maid,n.,女仆; 侍女
mail,n.,"邮政,邮递"
mail,v.,(美)邮寄
mailbox,n.,邮筒; 邮箱
main,a.,主要的
mainland,n.,大陆
major,a.,较大的; 主要的
majority,n.,大多数 
make 1,vt.,"制造,做;使"
make 2,n.,样式;制造
male,a.,男(性)的;雄的
man,n.,"成年男人;人,人类"
manage,v.,管理;设法对付
manager,n.,经理
mankind,n.,人类;(总称)人
manner,n.,"方式,态度,举止"
map,n.,地图
maple,n.,枫树
marathon,n.,马拉松
marble,n.,大理石;玻璃弹子
march,n.,"游行,行进"
march,n.,3月
mark,n.,标记
mark,vt.,"标明,作记号于"
market,n.,"市场,集市"
marriage,n.,"结婚,婚姻"
marry,v.,"成婚,结婚"
marxism,n.,马克思主义
mask,n.,口罩;面罩(具);遮盖物
mask,v.,戴面具;掩饰;伪装
mass,n.,众多; 大量;(复)群众
master,vt.,"精通,掌握"
mat,n.,垫子
match 1,vt.,"使相配,使成对"
match 2,n.,"比赛,竞赛"
match 3,n.,火柴
material,n.,"材料,原料"
matter,n.,"要紧事,要紧, 事情;问题"
matter,vi.,"要紧,有重大关系"
mature,a.,"成熟的,到期的,考虑周到的"
may,n.,5月
maybe,ad.,"可能,大概,也许"
me,pron.,我(宾格)
meal,n.,一餐(饭) 
mean,vt.,"意思是,意指"
meaning,n.,"意思,含意"
means,n.,"方法,手段;财产"
meanwhile,ad.,同时
measure,v.,量
meat,n.,(猪、牛、羊等的)肉
medal,n.,奖牌
media,n.,"媒体,新闻媒介,传播媒介"
medical,a.,"医学的,医疗的"
medicine,n.,药
meeting,n.,会;集会;会见;汇合点
melon,n.,(甜)瓜;瓜状物
member,n.,"成员,会员"
memorial,n.,纪念馆
memory,n.,"回忆,记忆"
mend,v.,"修理,修补"
mental,a.,精神的;脑力的
menu,n.,菜单
merciful,a.,仁慈的; 宽大的
mercy,n.,怜悯
merely,ad.,"仅仅,只不过"
merry,a.,"高兴的,愉快的"
mess,n.,凌乱
message,n.,"消息,音信"
messy,a.,乱七八糟的
metal,n.,金属
metal,a.,金属制成的
method,n.,"方法,办法"
microwave,n.,微波
midday,n.,"中午, 正午"
middle,n.,中间;当中;中级的
midnight,n.,午夜
mild,a.,"温和的,暖和的,凉爽的"
mile,n.,英里
milk,n.,牛奶
milk,vt.,挤奶
million,num.,百万
million,n.,百万个(人或物)
millionaire,n.,百万富翁
mind 1,n.,"思想,想法"
mind 2,v.,"介意,关心"
mine 1,n.,"矿藏,矿山"
mine 1,vt.,开采(矿物)
mine 2,pron.,我的(名词性物主代词)
mineral,n.,"矿物质,矿物"
minibus,n.,小型公共汽车
minister,n.,部长;牧师
ministry,n.,"(政府的)部,内阁"
minority,n.,少数;少数民族
minute,n.,"分钟;一会儿,瞬间"
mirror,n.,镜子
miss,vt.,"失去,错过,缺"
miss,n.,"小姐,女士(称呼未婚妇女)"
mist,n.,雾
mistaken,a.,错误的
mix,v.,"混合,搅拌"
mixture,n.,混合物
model,n.,"模型,原形;范例;模范"
modem,n.,调制解调器
modern,a.,现代的
modest,a.,谦虚的;谦逊的
moment,n.,"片刻,瞬间"
monday,n.,星期一
money,n.,钱;货币
monkey,n.,猴子
month,n.,"月,月份"
monument,n.,"纪念碑,纪念物"
moon,n.,月球;月光;月状物
mop,n.,拖把
mop,v.,拖地
moral,n.,"道德的 寓意,道德启示"
morning,n.,"早晨,上午"
morning,n.,莫斯科
moslem,n.,"伊斯兰教徒,回教徒"
mother,n.,母亲
motherland,n.,祖国
motivation,n.,动机
motor,n.,"发动机,马达"
motto,n.,"箴言,格言"
mountain,n.,"山,山脉"
mountainous,a.,多山的
mourn,vt.,哀痛; 哀悼
mouse,n.,"鼠,耗子;(计算机)鼠标"
moustache,n.,小胡子
mouth,n.,"嘴,口"
move,v.,"移动,搬动,搬家"
movement,n.,"运动,活动"
movie,n.,(口语)电影
mr.,n.,先生(用于姓名前)
mrs.,n.,"夫人,太太(称呼已婚妇女)"
ms.,n.,女士(用在婚姻状况不明女子姓名前)
mud,n.,"泥, 泥浆"
multiply,vt.,乘; 使相乘
murder,vt.,谋杀
museum,n.,"博物馆,博物院"
mushroom,n.,蘑菇
music,n.,"音乐,乐曲"
musical,a.,"音乐的,爱好音乐的"
musical,n.,音乐片
musician,n.,"音乐家,乐师"
mustard,n.,"芥末,芥子粉"
mutton,n.,羊肉
my,pron.,我的
myself,pron.,我自己
nail,n.,"钉,钉子"
name,n.,"名字,姓名,名称"
name,vt.,"命名,名叫"
narrow,a.,狭窄的
nation,n.,"民族,国家"
national,a.,"国家的,全国性的,民族的"
nationality,n.,国籍
nation-wide,ad.,"全国范围内的,全国性的"
native,a.,"本土的,本国的"
natural,a.,自然的
nature,n.,"自然, 性质,种类"
navy,n.,海军
near,a.,近的
near,ad.,接近(地)
near,prep.,在…附近
nearby,a.,附近的
nearly,ad.,"将近,几乎"
neat,a.,整洁的; 灵巧的
necessary,a.,"必需的,必要的"
neck,n.,"颈,脖子"
necklace,n.,项链
need,n.,"需要,需求"
need,v.,&
need,aux.,"需要,必须"
needle,n.,针
negotiate,v.,"商议,谈判,交涉"
neighborhood,n.,四邻;邻近地区
neither,a.,(两者)都不;也不
nephew,n.,"侄子,外甥"
nervous,a.,紧张不安的
nest,n.,巢; 窝
net,n.,网
network,n.,"网络,网状系统"
never,ad.,"决不,从来没有"
new,a.,新的;新鲜的
news,n.,"新闻,消息"
newspaper,n.,报纸
next,a.,"最近的,紧挨着的,隔壁的;下一次"
next,ad.,"随后,然后,下一步"
next,n.,下一个人(东西)
nice,a.,"令人愉快的;好的,漂亮的"
niece,n.,"侄女,甥女"
night,n.,夜;夜间
nine,num.,九
ninety,num.,九十
ninth,num.,第九
no,ad.,"不,不是"
no,a.,"没有,无,不"
noble,a.,"高贵的,贵族的"
nobody,n.,渺小人物
nobody,pron.,"没有人,谁也不"
nod,vi.,点头
noise,n.,"声音,噪声,喧闹声"
noisy,a.,"喧闹的,嘈杂的"
none,pron.,"无任何东西或人,无一人"
noodle,n.,面条
noon,n.,"中午,正午"
nor,conj.,也不
north,a.,北的;朝北的;从北来的
north,ad.,向(在、
northeast,n.,东北(部)
northern,a.,"北方的,北部的"
northwest,n.,西北
nose,n.,鼻
not,ad.,"不,没"
note,n.,"便条,笔记,注释;钞票,纸币;音符,音调"
note,vt.,"记下,记录;注意,留意"
notebook,n.,笔记簿
nothing,n.,"没有东西,没有什么"
nothing,ad.,一点也不;并不
notice,n.,"布告,通告;注意"
notice,vt.,"注意,注意到"
noun,n.,名词
november,n.,11月
novel,n.,(长篇)小说
novelist,n.,小说家
now,ad.,现在
nowadays,ad.,"当今,现在"
nowhere,ad.,任何地方都不; 无处
nuclear,a.,"原子核的,原子能的,核动力的"
numb,a.,"麻木的,失去知觉的"
number,n.,"数,数字,号码;数量"
nurse,n.,护士;保育员
nursery,n.,托儿所
nut,n.,"坚果,坚果仁(胡桃,栗子等)"
object,n.,"物体,目标"
observe,vt.,"观察,观测,遵守,庆祝"
obtain,vt.,"获得,得到"
obvious,a.,"明显的,显而易见的"
occupation,n.,职业
occupy,vt.,"占用,占领,占据"
occur,vi.,出现;存在
ocean,n.,海洋
oceania,n.,大洋洲
october,n.,10月
of,prep.,…的
offence,n.,"过错(攻击,令人讨厌的事物)"
office,n.,"办公室;职务,职责"
officer,n.,军官
official,n.,官员
official,a.,"官方的,正式的"
often,ad.,"经常,常常"
oh,int.,"噢,唉"
oil,n.,油
oil-field,n.,油田
old,a.,"旧的,年老的"
olympics,n.,奥林匹克运动会
olympic games,phr.,奥林匹克运动会
one,num.,一
one,pron.,"一个,一只"
oneself,pron.,"(某人)自己,自身"
onion,n.,洋葱
only,ad.,"仅仅,只;才"
only,a.,"唯一的,仅有的"
onto,prep.,到…上面
open,vt.,开
open,a.,"开着的,开放的"
opening,n.,"开始,口,揭幕"
opera,n.,歌剧
operation,n.,手术;操作
operator,n.,"操作员,话务员,报务员"
opinion,n.,"看法,见解,观点"
oppose,vt.,对抗;反对
opposite,a.,"对面的,相对的,相反的"
optimistic,a.,"乐观的,乐观主义的"
optional,a.,"可以任选的,非强制的"
or,conj.,否则;或者
oral,a.,口头的
orange,n.,"橘子,橙子"
orbit,n.,"轨道,常轨,眼眶"
ordinary,a.,普通的
organ,n.,"风琴,机构,器官"
organization,n.,"组织,机构"
origin,n.,"起源,出身,开端"
other,a.,"别的,其他的"
other,pron.,(两者中)另一个
otherwise,ad.,"否则,要不然"
our,pron.,我们的
ourselves,pron.,我们自己
out,ad.,"出,在外"
outcome,n.,结果
outdoor,a.,"户外的,室外的"
outdoors,ad.,"在户外,在野外"
outer,a.,"外部的,外面的"
outgoing,n.,"外出,开支,流出"
outing,n.,"郊游,远足"
output,n.,"产量,输出,输出功率"
outside,n.,"外部,外面"
outside,prep.,"在…外,向…外"
outside,ad.,"向外面,在外面"
outspoken,a.,"直言无讳的,坦率的"
outstanding,a.,"突出的,杰出的,显著的"
outward,a.,"向外的,表面的,外服的"
oval,n.,椭圆形
over,ad.,"在那边;结束,完了"
over,ad.,&
over,prep.,"(表示数字、程度)超过,在…之上;从事…的时候"
overcome,vt.,"战胜,克服,征服"
overhead,a.,"在头上的,高架的"
overlook,v.,"俯看,远眺,没注意到"
overweight,a.,超重的
owe,vt.,欠(债等)
own,a.,自己的
own,vt.,"所有,拥有"
owner,n.,"物主,所有者"
ownership,n.,所有权
ox,n.,公牛
oxygen,n.,氧气
pace,n.,步子;节奏
pacific,a.,太平洋的
pack,n.,"包,捆;(猎犬、野兽等的)一群"
package,n.,"(尤指包装好或密封的容器)一包,一"
packet,n.,"小包裹,袋"
paddle,n.,"桨状物,蹼"
page,n.,"页,页码"
pain,n.,"疼痛,疼"
painful,a.,"使痛的,使痛苦的"
paint,n.,油漆
paint,vt.,"油漆,粉刷,绘画"
painter,n.,"绘画者,(油)画家"
painting,n.,"油画,水彩画"
pair,n.,"一双,一对"
palace,n.,"宫,宫殿"
pale,a.,"苍白的,灰白的"
pan,n.,平底锅
pancake,n.,薄煎饼
panda,n.,熊猫
panic,n.,"恐慌,惊惶"
paper,n.,纸;报纸
paperwork,n.,日常文书工作
paragraph,n.,(文章的)段落
parallel,a.,平行的
parallel,n.,平行线
parcel,n.,包裹
pardon,n.,"原谅, 宽恕, 对不起"
parent,n.,"父(母),双亲"
paris,n.,巴黎
park,n.,公园
park,vt.,停放(汽车)
parking,n.,停车 parking-lot 停车场
parrot,n.,鹦鹉
part,n.,部分;成分;角色;部件;零件
part,a.,局部的;部分的
part,v.,分离;分开;分割
participate,v.,"参加,分享,参与"
particular,a.,"特殊的,个别的"
partly,ad.,"部分地,在一定程度上"
partner,n.,"搭档,合作者"
party,n.,"聚会,晚会;党派"
pass,vt.,"传,递;经过;通过"
passage,n.,"(文章等的)一节,一段;通道; 走廊"
passenger,n.,"乘客,旅客"
passer-by,n.,"过客,过路人"
passive,a.,被动的
passport,n.,护照
past,ad.,过
past,n.,"过去,昔日,往事"
past,prep.,"过…,走过某处"
patent,n.,"专利权,执照,专利品"
path,n.,"小道,小径"
patience,n.,容忍; 耐心
patient,n.,病人
pattern,n.,式样
pavement,n.,人行道
pea,n.,豌豆
peace,n.,和平
peaceful,a.,"和平的,安宁的"
peach,n.,桃子
pear,n.,"梨子,梨树"
peasant,n.,农民;佃农
pedestrian,n.,"步行者,行人"
pen,n.,"钢笔,笔"
pence,n.,便士
pencil,n.,铅笔
penny,n.,(英)便士;美分
pension,n.,养老金
people,n.,"人,人们;人民"
pepper,n.,胡椒粉
per,prep.,"每,每一"
percent,n.,百分之…
percentage,n.,百分率
perfect,a.,"完美的,极好的"
perform,v.,"表演,履行;行动"
performance,n.,"演出,表演"
performer,n.,"表演者,执行者"
perfume,n.,"香水,香气"
perhaps,ad.,"可能,或"
period,n.,"时期,时代"
permanent,a.,"永久的,持久的"
permission,n.,"允许,许可,同意"
permit,vt.,"许可,允许;执照"
permit,n.,许可证
person,n.,人
personal,a.,"个人的,私人的"
personnel,n.,"人员,职员"
personnel,a.,"个人的,人事的"
personally,ad.,就自己而言
persuade,vt.,"说服,劝说"
pest,n.,害虫
pet,n.,"宠物,爱畜"
petrol,n.,石油
phenomenon,n.,现象
photographer,n.,摄影师
phrase,n.,短语;习惯用语
physical,a.,身体的;物理的
physician,n.,(有行医执照的)医生
physicist,n.,物理学家
physics,n.,物理(学)
pianist,n.,钢琴家
piano,n.,钢琴
pick,v.,"拾起,采集;挑选"
picture,n.,"图片,画片,照片"
pie,n.,甜馅饼
piece,n.,"一块(片,张,件…)"
pig,n.,猪
pile,n.,堆
pill,n.,"药丸,药片"
pillow,n.,枕头
pilot,n.,飞行员
pin,n.,别针
pin,v.,"别住, 钉住"
pine,n.,松树
pineapple,n.,菠萝
ping-pong,n.,乒乓球
pink,a.,粉红色的
pint,n.,(液量单位)品脱
pioneer,n.,"先锋,开拓者"
pipe,n.,"管子,输送管"
pity,n.,"怜悯,同情"
place,n.,"地方,处所"
place,v.,"放置,安置,安排"
plain,a.,家常的; 普通的
plane,n.,飞机
planet,n.,行星
plant,vt.,"种植,播种"
plant,n.,植物
plastic,a.,塑料的
plate,n.,板;片;牌;盘子;盆子
platform,n.,讲台;(车站的)月台
player,n.,"比赛者,选手"
playground,n.,"操场,运动场"
pleasant,a.,"令人愉快的,舒适的"
please,v.,"请;使人高兴,使人满意"
pleased,a.,高兴的
pleasure,n.,"高兴,愉快"
plenty,n.,"充足,大量"
plot,n.,"图,阴谋,情节"
plough,n.,"犁,耕地"
plug,n.,塞子
pocket,n.,(衣服的)口袋
poem,n.,诗
poet,n.,诗人
point,v.,"指,指向"
point,n.,点; 分数
poison,n.,毒药
pole,n.,"杆,电线杆;"
police,n.,"警察,警务人员"
policewoman,n.,女警察
policy,n.,"政策,方针,保险单"
polish,v.,"擦亮,磨光,推敲"
polite,a.,"有礼貌的,有教养的"
political,a.,政治的
politician,n.,政治家
politics,n.,政治
pollute,vt.,污染
pollution,n.,污染
pond,n.,池塘
pool,n.,"水塘,水池"
poor,a.,"贫穷的;可怜的;不好的,差的"
popcorn,n.,爆米花
popular,a.,"大众的,流行的,有销路的"
population,n.,"人口,人数"
pork,n.,猪肉
porridge,n.,"稀饭,粥"
port,n.,"港口,码头"
portable,a.,"轻便的,手提式的"
porter,n.,(火车站或旅馆处的)搬运工
position,n.,位置
positive,a.,"肯定的,积极的,绝对的;正面的,正数的,阳性的"
possess,vt.,占有; 拥有
possession,n.,"所有,拥有;财产,所有物"
possibility,n.,"可能,可能性"
possible,a.,可能的
possibly,ad.,"可能地,也许"
post,n.,"邮政,邮寄,邮件"
post,v.,投寄; 邮寄
postcard,n.,明信片
postman,n.,邮递员
postpone,vt.,"推迟,延期"
pot,n.,"锅,壶,瓶,罐"
potato,n.,"土豆,马铃薯"
potential,n.,"潜力,潜能"
pound,n.,磅;英镑
pour,vi.,"倾泻,不断流出"
powder,n.,"粉,粉末"
power,n.,"力,动力,电力"
powerful,a.,"效力大的,强有力的,强大的"
practical,a.,"实际的,适用的"
practice,n.,练习
pray,v.,祈祷; 祈求
prayer,n.,祈祷
precious,a.,"宝贵的, 珍贵的"
precise,a.,"精确的,准确的"
predict,v.,"预知,预言,预报"
prefer,vt.,"宁愿(选择),更喜欢"
preference,n.,"选择,趋向"
prennant,vt.,怀孕
prejudice,n.,"偏见,成见,伤害"
premier,n.,"总理,首相"
premier,a.,"首位的,最初的"
preparation,n.,准备
prepare,vt.,"准备, 预备; 调制,配制"
prescription,n.,"处方,药方"
present 1,a.,"出现的,出席的"
present 2,n.,"礼物,赠品"
present 2,vt.,"呈奉,奉送"
presentation,n.,"演示,演出"
preserve,v.,"保护,保持,维持,防腐,做蜜饯"
president,n.,总统;主席
press,vt.,"压,按"
press,n.,"新闻界,出版社"
pressure,n.,"压迫,压力,压强"
pretend,vi.,"假装,装作"
pretty,a.,"漂亮的,俊俏的"
prevent,vt.,"防止, 预防"
preview,vt.,预习;试演;预展
price,n.,"价格,价钱"
pride,n.,"自豪,骄傲"
primary,a.,初等的;初级的
primitive,a.,原始的
print,vt.,印刷
prison,n.,监狱
prisoner,n.,囚犯
private,a.,私人的
privilege,n.,"特权,特别恩典,基本人权"
prize,n.,"奖赏,奖品"
probably,ad.,"很可能,大概"
problem,n.,"问题,难题"
produce,vt.,生产;制造
production,n.,生产;制造
profession,n.,(需要有高等教育学位的)职业
professor,n.,教授
progress,n.,"进步,上进"
progress,vi.,进展; 进行
prohibit,v.,"禁止,阻止"
project,n.,"工程,项目,计划"
promote,v.,"促进,提升,升迁,促销"
pronounce,vt.,发音
pronunciation,n.,发音
proper,a.,"恰当的,合适的"
properly,ad.,适当地
protect,vt.,保护
protection,n.,保护
proud,a.,自豪的; 骄傲的
prove,vt.,证明
provide,vt.,提供
province,n.,省
psychology,n.,心理学
pub,n.,"酒店,酒吧"
public,a.,"公共的,公众的"
public,n.,公众
publish,vt.,"出版,发行"
pull,v.,"拉,拖"
pull,n.,"拉力,引力"
pulse,n.,"脉搏,(光、能量、波等的)脉动,搏动"
pump,vt.,用泵抽水
punctual,a.,准时的
punctuation,n.,标点符号
punish,v.,"惩罚,处罚"
punishment,n.,惩罚
pupil,n.,(小)学生
purchase,n.,"购买,购买的物品"
purchase,v.,购买
pure,a.,"纯的, 不掺杂的"
purple,a.,紫色的
purple,n.,紫色
purpose,n.,"目的,意图"
purse,n.,钱包
put,vt.,"放,摆"
puzzle,n.,"难题,(字、画)谜"
pyramid,n.,"角锥形,金字塔"
qualification,n.,"资格,条件,限制"
quality,n.,"质量,性质"
quantity,n.,"量,数量"
quarrel,vi.,"争吵,吵架"
quarter,n.,"四分之一,一刻钟"
queen,n.,"皇后,女王"
question,vt.,询问
question,n.,问题
questionnaire,n.,调查表
queue,n.,"行列,长队"
quick,a.,快;敏捷的;急剧的
quick,ad.,快地;敏捷地;急剧地
quiet,a.,安静的;寂静的
quilt,n.,被子;被状物
quit,v.,"离开,辞职,停止"
quite,ad.,"完全,十分"
quiz,n.,"测验,小型考试"
rabbit,n.,"兔,家兔"
race 1,n.,"种族,民族"
race 2,v.,"(速度)竞赛,比赛"
race 2,n.,"赛跑,竞赛"
racial,a.,种族的
radiation,n.,"放射,放射物"
radio,n.,"无线电,收音机"
radioactive,a.,放射性的
radium,n.,镭
rag,n.,"破布,抹布"
rail,n.,铁路
railway,n.,铁路;铁道
rain,n.,"雨,雨水"
rain,vi.,下雨
rainbow,n.,"虹,彩虹"
raincoat,n.,雨衣
rainfall,n.,一场雨; 降雨量
rainy,a.,下雨的;多雨的
raise,vt.,使升高; 饲养
random,a.,"任意的,随便的,胡乱的"
rank,n.,"职衔,军衔"
rapid,a.,"快的,迅速的"
rare,a.,"罕见的,稀有的"
rat,n.,老鼠
rather,ad.,"相当,宁可"
raw,a.,"生的,未煮过的,未加工的"
ray,n.,"光辉,光线"
razor,n.,剃须刀
reach,v.,"到达,伸手(脚等)够到"
reading,n.,阅读;朗读
ready,a.,准备好的
real,a.,"真实的,确实的"
reality,n.,现实
really,ad.,真正地;到底;确实
reason,vi.,评理; 劝说
reason,n.,"理由,原因"
reasonable,a.,合乎情理的
rebuild,vt.,重建
receipt,n.,收据
receive,v.,"收到,得到"
receiver,n.,电话听筒
recent,a.,"近来的,最近的"
reception,n.,接待
receptionist,n.,接待员
recipe,n.,"食谱,处方,秘诀"
recite,v.,背诵
recommend,v.,"推荐,建议"
record 1,n.,记录; 唱片
record 2,v.,"录制,记录"
recorder,n.,录音机
recover,vi.,痊愈; 恢复
recreation,n.,"消遣,娱乐"
recycle,vt.,回收; 再循环
red,n.,红色
red,a.,红色的
reduce,vt.,"减少,缩减"
refer,vi.,"谈到,提到,涉及,有关"
referee,n.,"仲裁人,调解人,裁判员"
reference,n.,"参考,出处,参照"
reflect,v.,"反映,归咎"
reform,n.,"改革,改正,感化"
refresh,v.,"使...生气蓬勃,提起精神,恢复精神"
refrigerator,n.,冰箱
refuse,vi.,"拒绝,不愿"
regard,v.,把…看作
regardless,a.,"不管,不注意,不顾"
register,n.,"登记簿,花名册,注册员"
register,v.,"登记,注册"
regular,a.,"规则的,经常"
regulation,n.,"规则,规章"
reject,v.,拒绝
relate,vi.,有关; 涉及
relation,n.,关系; 亲属
relationship,n.,关系
relative,n.,"亲属,亲戚"
relax,v.,"(使)放松,轻松"
relevant,a.,"相关的,切题的,中肯的"
reliable,a.,可靠的
relief,n.,"减轻,解除"
religion,n.,宗教
religious,a.,宗教的
remain,vt.,"余下,留下"
remain,vi.,"保持,仍是"
remark,n.,陈述; 话; 议论
remember,v.,"记得,想起"
remind,vt.,"提醒,使记起"
remote,a.,"偏僻的,遥远的,远程的"
remove,vt.,"移动,拿走,脱掉(衣服等)"
repeat,vt.,"重说,重做"
replace,vt.,取代
reply,n.,"回答,答复"
reporter,n.,"记者,新闻通讯员"
represent,vt.,代表
representative,n.,"代表,众议员,典型"
representative,a.,"代表性的,代议制的,典型的"
republic,n.,共和国
reputation,n.,"名誉,名声"
request,n.,"请求,要求的事物"
require,vt.,需求; 要求
requirement,n.,需要; 要求; 必要的条件
rescue,vt.,"营救,援救"
research,n.,"研究,调查"
resemble,v.,"相似,类似,像"
reservation,n.,预定
resign,vi.,"辞职,放弃"
resist,v.,抵抗;挡开
respond,v.,"回答,回报,反应"
responsibility,n.,责任
restaurant,n.,"饭馆, 饭店"
restriction,n.,"限制,约束"
result,n.,"结果,效果"
retell,vt.,"重讲,重复,复述"
retire,v.,退休
return,v.,归还恢复
revision,n.,"复习,温习"
revolution,n.,"革命,变革"
reward,n.,奖赏
rewind,v.,回转(磁带等)
rhyme,n.,"韵,押韵,韵文"
rice,n.,稻米;米饭
rich,a.,"富裕的,有钱的"
rid,vt.,使摆脱
riddle,n.,谜(语)
ridiculous,a.,"荒谬的,可笑的"
right,n.,权利
right,a.,"对,正确的"
right,ad.,"正确地,恰恰,完全地"
right,a.,"右,右边的"
ring 2,n.,环形物(如环、圈、戒指等)
ring-road,n.,环形公路
ripe,a.,"成熟的, 熟的"
ripen,v.,成熟
rise,vi.,"上升,上涨"
risk,n.,"风险,危险"
risk,v.,冒...的危险
river,n.,江;河;水道;巨流
road,n.,"路,道路"
roast,v.,"烤,烘焙"
roast,n.,烤肉
rob,v.,"抢夺,抢劫"
robot,n.,机器人
rock 1,n.,"岩石,大石头"
rock 2,vt.,"摇,摇晃"
rocket,n.,火箭
role,n.,角色
roll,v.,"滚动, 打滚"
roll,n.,面包圈; 卷状物
roof,n.,"屋顶,顶部"
room.,n.,"房间,室;空间;地方"
rooster,n.,(美)公鸡
root,n.,"根,根源,起源"
rope,n.,"绳,索"
rose,n.,玫瑰花
rot,vi.,烂; 腐败
rough,a.,"粗糙的,粗略的"
routine,n.,"例行公事,常规"
royal,a.,"王室的,皇家的"
rubber,n.,橡胶; 合成橡胶
rubbish,n.,垃圾; 废物
rude,a.,"无理的, 粗鲁的"
rugby,n.,(英)橄榄球
rule,n.,"规则,规定"
rule,vt.,统治;支配
ruler,n.,统治者;直尺
run,vi.,"跑,奔跑;(颜色)褪色"
rush,vi.,"冲,奔跑"
sacred,a.,神圣的
sacrifice,vt.,牺牲
sad,a.,(使人)悲伤的
sadness,n.,"悲哀,忧伤"
safe,a.,安全的
safe,n.,保险柜
safety,n.,"安全,保险"
sail,n.,航行
sail,v.,"航行,开航"
sailor,n.,"水手,海员"
salad,n.,色拉(西餐中的一种凉拌菜)
salary,n.,"薪金,薪水"
sale,n.,"卖,出售"
salesman,n.,男售货员
salt,n.,盐
salty,a.,"盐的,咸的,含盐的"
same,n.,同样的事
same,a.,"同样的, 同一的"
sand,n.,"沙, 沙子"
sandwich,n.,三明治(夹心面包片)
satellite,n.,卫星
satisfaction,n.,满意
satisfy,vt.,"满足,使满意"
saturday,n.,星期六
saucer,n.,"茶碟,茶托,小圆盘"
sausage,n.,"香肠,腊肠"
save,vt.,"救,挽救,节省"
say,vt.,"说,讲"
saying,n.,"说,俗话,谚语"
scan,v.,"扫描,详细调查,分析韵律"
scar,n.,"疤痕,伤痕,断崖"
scare,vt.,"惊吓(惊恐,惊慌)"
scarf,n.,"领巾,围巾"
scenery,n.,风景
skeptical,a.,怀疑的
school,n.,学校
scholar,n.,学者
scholarship,n.,奖学金
schoolbag,n.,书包
schoolboy,n.,(中小学)男学生
schoolgirl,n.,(中小学)女学生
schoolmate,n.,同校同学
science,n.,"科学,自然科学"
scientific,a.,科学的
scientist,n.,科学家
scissors,n.,"剪刀,剪子"
scold,vt.,责骂
scratch,n.,"抓痕,乱写"
scratch,v.,"搔痒,抓,抹掉"
scream,n.,尖叫
screen,n.,"幕,荧光屏"
sculpture,n.,"雕塑(术),雕刻(术),雕刻作品,雕像"
sea,n.,"海,海洋"
seagull,n.,海鸥
seal,n.,海豹
seashell,n.,海贝
seaside,n.,海滨
season,n.,季;季节
seat,n.,"座位,座"
seaweed,n.,"海草,海藻,海带"
second 1,n.,秒
second 2,num.,第二
second 2,a.,"第二的,其次的"
secret,n.,"秘密,内情"
secretary,n.,秘书;书记
section,n.,"段,部分,部门"
secure,a.,"无虑的,安心的,安全的"
security,n.,"安全;保证金,抵押品,债券,证券"
seed,n.,种子
seek,vt.,试图; 探寻
seem,v.,"似乎,好像"
seize,vt.,抓住(时机等)
seldom,ad.,"很少,不常"
select,vt.,"选择,挑选,选拔"
self,n.,"自己,自我,自身"
selfish,a.,"自私的,利己的"
sell,v.,"卖,售"
semicircle,n.,半圆
seminar,n.,"(大学的)研究班,研讨会"
send,v.,"打发,派遣;送,邮寄"
senior,a.,"年长的,资深的,高年级的"
senior,n.,"上级,长辈,高年级生"
sense,n.,"感觉,意识"
sensitive,a.,"敏感的,易受伤害的,感光的"
sentence,n.,句子
separate,v.,"使分开, 分离"
separate,a.,"单独的,分开的"
separation,n.,"分离,隔离"
september,n.,9月
serious,a.,"严肃的,严重的;认真的"
servant,n.,"仆人,佣人"
serve,vt.,"招待(顾客等),服务"
service,n.,服务
session,n.,"会议,开庭期,市盘"
set,n.,"装备,设备"
set,vt.,"设置(布景,背景)"
settle,vi.,"安家,定居"
settlement,n.,"新拓居地;(美)部落,村落"
settler,n.,"移居者,开拓者"
seven,num.,七
several,pron.,"几个,数个"
several,a.,若干
sex,n.,"性,性别"
shabby,a.,"破旧的,破烂的,衣衫褴褛的"
shade,n.,"阴凉处,树荫处"
shadow,n.,"影子, 阴影"
shallow,a.,"浅的,不深的,肤浅的"
shame,n.,遗憾的事;羞愧
shape,n.,"形状,外形"
shape,v.,"使成型,制造,塑造"
share,vt.,"分享,共同使用"
shark,n.,鲨鱼
sharp,a.,"锋利的,尖的"
sharpen,v.,"(使)变锐利, 削尖"
shaver,n.,电动剃须刀
she,pron.,她(主格)
sheep,n.,(绵)羊;羊皮;驯服者
sheet,n.,"成幅的薄片,薄板"
shelf,n.,架子;搁板;格层;陆架
shelter,n.,掩蔽;隐蔽处
shine,n.,光泽;光彩;阳光;晴天;光(亮)
ship,n.,"船,轮船"
ship,vi.,用船装运
shirt,n.,男衬衫
shock,vt.,使震惊
shoe,n.,鞋
shoot 1,n.,嫩枝; 苗; 芽
shoot 2,vt.,"射击,射中,发射"
shop,vi.,买东西
shop,n.,"商店,车间"
shopkeeper,n.,"店主,零售商人"
shopping,n.,买东西
shore,n.,"滨,岸"
short,a.,短的;矮的
shortcoming,n.,"缺点,短处"
shortly,ad.,不久
shorts,n.,短裤;运动短裤
shot,n.,"射击,开枪,开炮,射击声;子弹"
shoulder,n.,肩膀;(道路的)路肩
show,n.,"展示,展览(会);演出"
show,v.,"给…看,出示,显示"
shower,n.,阵雨; 淋浴
shrink,v.,"收缩,退缩,萎缩"
shuttle,n.,(往返与两个定点之间的)(火车、汽车、飞机)班车/机
shy,a.,害羞的
sick,a.,"有病的,患病的;(想)呕吐"
sickness,n.,疾病
side,n.,"边,旁边,面,侧面"
sideroad,n.,"岔路,旁路"
sideways,ad.,斜向一边的
sigh,vi.,叹息; 叹气
sight,n.,"情景,风景;视力"
sightseeing,n.,"游览,观光"
sign,n.,"符号,标记"
signal,n.,"信号,暗号"
signature,n.,签名
significance,n.,"意义,重要性"
silence,n.,"安静,沉默"
silent,a.,"无声的,无对话的"
silk,n.,"(蚕)丝,丝织品"
silly,a.,"傻的,愚蠢的"
silver,n.,银
similar,a.,"相似的,像"
simple,a.,"简单的,简易的"
simplify,v.,"简化,使单纯"
since,ad.,从那时以来
since,conj.,"从…以来,…以后,由于"
since,prep.,从…以来
sincerely,ad.,真诚地
sing,v.,"唱,唱歌"
single,a.,"单一的,单个的"
sink,n.,洗涤槽;污水槽
sink,vi.,下沉; 消沉
sir,n.,先生;阁下
sister,n.,姐;妹
sit,vi.,坐
situation,n.,"形势,情况"
six,num.,六
size,n.,"尺寸,大小"
skate,vi.,"溜冰,滑冰"
skateboard,n.,"冰鞋,滑板"
skill,n.,"技能,技巧"
skillful,a.,"熟练的,精湛的;灵巧的"
skin,n.,"皮,皮肤;兽皮"
skip,v.,蹦蹦跳跳;跳绳
skirt,n.,女裙
sky,n.,天;天空
skyscraper,n.,摩天楼
slave,n.,奴隶
slavery,n.,奴隶制度
sleep,n.,睡觉
sleep,vi.,睡觉
sleepy,a.,"想睡的,困倦的,瞌睡的"
sleeve,n.,"袖子,袖套"
slice,n.,"片,切面(薄)片"
slide,n.,"幻灯片,滑道"
slide,v.,"滑行,滑动"
slight,a.,"轻微的,细小的"
slightly,ad.,"些微地,苗条地"
slim,a.,"苗条的,纤细的"
slip,n.,"片,条,纸片,纸条"
slow,ad.,"慢慢地,缓慢地"
small,a.,"小的,少的"
smart,a.,"灵巧的,伶俐的;(人、服装等)时髦的,帅的"
smell,n.,气味
smog,n.,烟雾(= smoke + fog)
smoke,n.,烟
smoke,v.,冒烟;吸烟
smoker,n.,吸烟者
smooth,a.,光滑的; 平坦的
snack,n.,小吃
snake,n.,蛇
snake,v.,蛇般爬行;蜿蜒行进
sneaker,n.,(复)轻便运动鞋(美)
sneeze,v.,打喷嚏
sniff,n.,"以鼻吸气,吸入的东西,气味"
snow,n.,雪
snow,vi.,下雪
snowy,a.,雪(白)的;下雪的; 多(积)雪的
so,ad.,"如此,这么;非常"
so,conj.,"因此,所以"
soap,n.,肥皂
social,a.,社会的;社交的
socialism,n.,社会主义
socialist,a.,社会主义的
society,n.,社会
sock,n.,短袜
socket,n.,"插座,插口"
sofa,n.,(长)沙发
soft,a.,"软的,柔和的"
software,n.,软件
soil,n.,"土壤,土地"
solar,a.,太阳的，太阳能
soldier,n.,"士兵,战士"
solid,a.,"结实的,固体的"
solid,n.,固体
some,a.,"一些,若干;有些;某一"
some,pron.,"若干,一些"
somehow,ad.,"不知怎么地,设法"
somebody,pron.,某人;有人;有名气的人
someone,pron.,某一个人
something,pron.,某事;某物
sometimes,ad.,有时
somewhere,ad.,在某处
son,n.,儿子
song,n.,歌唱;歌曲
soon,ad.,"不久,很快,一会儿"
sorrow,n.,"悲伤,悲痛"
sorry,a.,"对不起,抱歉;难过的"
sort,vt.,"把…分类,拣选"
sort,n.,"种类,类别"
soul,n.,灵魂;心灵;气魄
sound,vi.,听起来;发出声音
sound,n.,声音
soup,n.,汤
sour,a.,"酸的,抑沉的,刻薄的"
south,a.,南(方)的;向南的;从南来的
south,ad.,在
southeast,n.,东南
southern,a.,"南部的,南方的"
southwest,n.,西南
souvenirs,n.,"(旅游)纪念品,纪念物"
space,n.,空间
spaceship,n.,宇宙飞船
spade,n.,铲子;纸牌中的黑桃
spanish,a.,"西班牙人的,西班牙的,西班牙语"
spare,a.,"空闲的,多余的,剩余的"
sparrow,n.,"麻雀,雀型鸟类"
speaker,n.,"演讲人,演说家"
spear,n.,"矛,枪,梭镖"
special,a.,"特别的,专门的"
specialist,n.,"(医学)专家,专科医生;专家;专业人员"
speech,n.,演讲
speed,n.,速度
speed,v.,(使)加速
spell,vt.,拼写
spelling,n.,"拼写,拼读"
spirit,n.,精神
spiritual,a.,精神的; 心灵的
spit,v.,吐唾沫;吐痰
splendid,a.,"灿烂的,辉煌的;(口语)极好的"
split,v.,撕开; 切开
spoken,a.,口语的
spokesman,n.,发言人
sponsor,n.,"保证人,赞助者"
spoon,n.,"匙, 调羹"
spoonful,n.,一匙(的量)
sport,n.,"体育运动,锻炼;(复,英)运动会"
spray,v.,"水雾,喷雾(器) 喷洒"
spread,v.,延伸; 展开
spring 1,n.,"春天,春季"
spring 2,n.,"泉水,泉"
spy,n.,"密探,间谍"
spy,v.,"侦探,刺探"
square,n.,广场
square,a.,"平方的;方形的,宽而结实的(体格,肩膀)"
squeeze,n.,"压榨,挤"
squeeze,v.,"紧握,挤"
squid,n.,鱿鱼
squirrel,n.,松鼠
stable,a.,"稳定的,安定的"
stadium,n.,(露天)体育场
staff,n.,"全体人员,同事"
stage,n.,舞台;阶段
stain,n.,"污染,污点,著色"
stainless,a.,"无瑕疵的,不锈的"
stair,n.,楼梯
stamp,n.,邮票
star,n.,"星,恒星"
stare,vi.,"盯,凝视"
start,v.,"开始,着手;出发"
starvation,n.,饥饿; 饿死
starve,v.,饿死
state,n.,"状态; 情形;国家,(美国的)州"
station,n.,"站,所,车站;电台"
statesman,n.,"政治家,国务活动家"
statistics,n.,"统计,统计数字,统计学"
statue,n.,"塑像,雕像"
status,n.,"地位,身份,情形,状况"
steady,a.,稳固的; 平稳的
steak,n.,"牛排,肉排,鱼排"
steal,vt.,"偷, 窃取"
steam,n.,"汽,水蒸气"
steel,n.,"钢,钢铁"
steep,a.,险峻的; 陡峭的
step,n.,"脚步,台阶,梯级"
step,vi.,走; 跨步
steward,n.,(火车、飞机、轮船等)男服务员;男乘务员
stewardess,n.,"女乘务员, 空中小姐"
stick,vi.,"粘住,钉住;坚持"
stick,n.,"木棒(棍),枝条"
still,a.,"不动的,平静的"
still,ad.,"仍然,还"
stocking,n.,长统袜
stomach,n.,"胃,胃部"
stone,n.,"石头,石料"
stop,n.,停;(停车)站
stop,v.,"停,停止,阻止"
storage,n.,贮藏; 储存
store,n.,商店
store,vt.,"储藏,存储"
storm,n.,"风暴,暴(风)雨"
story,n.,"故事,小说"
stout,n.,烈啤酒
stout,a.,"强壮的,稳重的"
stove,n.,"(供烹饪用的)火炉,煤炉,电炉"
straightforward,a.,"笔直的,率直的"
strait,n.,海峡
strange,a.,"奇怪的,奇特的,陌生的"
stranger,n.,"陌生人,外人"
straw,n.,"稻草,麦杆,吸管"
strawberry,n.,草莓
stream,n.,小河; 溪流
street,n.,"街,街道"
strength,n.,"力量,力气"
strengthen,vt.,"加强,增强"
stress,n.,"紧张,压力"
stress,v.,"强调,着重"
strict,a.,"严格的,严密的"
string,n.,"细绳,线,带"
struggle,vi.,斗争
stubborn,a.,"顽固的,倔强的"
student,n.,学生
study,v.,学习;研究
study,n.,书房
stupid,a.,"愚蠢的,笨的"
subject 2,n.,题目;主题;学科;主语;主体
subjunctive,a.,虚拟的
submit,vt.,"呈送,递交,主张"
submit,vt.,"使服从,屈服"
subscribe,v.,"捐献,赞成,订阅"
subtraction,n.,(算数中的)减
substitute,n.,"代替者,代用品"
substitute,v.,代替
succeed,vi.,成功
success,n.,成功
successful,a.,"成功的,有成就的"
suck,vt.,吸吮
sudden,a.,突然的
suddenly,ad.,突然地
sugar,n.,糖
suggest,vt.,"建议,提议"
suggestion,n.,建议
suit,vt.,适合
suit,n.,"一套(衣服),(男)西服"
suitable,a.,"合适的,适宜的"
suitcase,n.,"(旅行用)小提箱,衣箱"
suite,n.,套间;组曲
summary,n.,"摘要,概要"
summer,n.,"夏天,夏季"
sun,n.,"太阳,阳光"
sunburnt,a.,晒黑的
sunday,n.,星期日
sunlight,n.,"日光,阳光"
sunny,a.,晴朗的;阳光充足的
sunrise,n.,"黎明,拂晓"
sunset,n.,日落(时分)
sunshine,n.,阳光
super,a.,"超级的,极好的"
superb,a.,极好的
superior,n.,"长者,高手"
superior,a.,"出众的,高傲的"
supermarket,n.,超级市场
supper,n.,"晚餐,晚饭"
suppose,vt.,"猜想,假定,料想"
supreme,a.,最高的
suppress,v.,"镇压,使...止住,禁止"
surface,n.,表面
surgeon,n.,外科医生
surprise,vt.,"使惊奇,使诧异"
surprise,n.,"惊奇,诧异"
surround,vt.,围绕; 包围
surrounding,a.,周围的
survival,n.,生存
survive,v.,"生存,生还"
suspect,n.,犯罪嫌疑人
suspension,n.,"悬挂,未决,中止"
swallow,vt.,吞下; 咽下
swear,v.,"发誓,宣誓,咒骂"
sweat,n.,"汗,汗水"
sweater,n.,"厚运动衫,毛衣 "
sweep,v.,"扫除,扫"
swell,n.,"增大,巨浪"
swell,a.,"优秀的,上流的"
swift,a.,"快的,迅速的"
swim,n.,"游泳,游"
swim,vi.,"游泳,游"
swing,vt.,"挥舞,摆动"
swing,n.,秋千
switch,n.,"开关,转换"
switch,v.,"转变,切换,摆动"
swiss,a.,瑞士人的
swiss,n.,瑞士人
sword,n.,"剑,刀"
symbol,n.,"符号,标志,象征"
sympathy,n.,同情
symphony,n.,交响乐
symptom,n.,"症状,征兆"
system,n.,"体系;系统,制度,体制"
systematic,a.,"有系统的,分类的,体系的"
table,n.,"桌子,表格"
table tennis,phr.,乒乓球
tablet,n.,药片
tail,n.,(动物的)尾巴
tailor,n.,裁缝
take,vt.,拿;拿走;做;服用;乘坐;花费
tale,n.,"故事, 传说"
talent,n.,"才能,人才,天资"
tall,a.,高的
tank,n.,储水容量;坦克
tap,n.,(自来水、煤气等的)龙头
tape,n.,磁带;录音带
target,n.,"靶,目标"
task,n.,"任务, 工作"
taste,n.,"品尝, 尝味;味道"
taste,vt.,"品尝,尝味"
tasteless,a.,无滋味的
tasty,a.,味道好的
tax,n.,"税,税款"
taxi,n.,出租汽车
taxpayer,n.,纳税人
tea,n.,茶;茶叶 
teach,v.,"教书,教"
teacher,n.,"教师,教员"
team,n.,"队,组"
teamwork,n.,"合作,协同工作"
teapot,n.,茶壶
tear 1,n.,眼泪
tear 1,v.,流泪
tear 2,v.,"扯破, 撕开"
tease,v.,"欺负,嘲弄"
technical,a.,"技术的,工艺的"
technique,n.,"技术; 技巧,方法"
technology,n.,技术
telegram,n.,电报
telegraph,v.,(拍) 电报
telescope,n.,望远镜
tell,vt.,告诉;讲述;吩咐
temperature,n.,温度
temple,n.,"庙宇,寺院"
temptation,n.,引诱;诱惑
ten,num.,十
tend,v.,"有某种的倾向,易于,移向"
tendency,n.,"趋势,倾向"
tennis,n.,网球
tense,a.,"心烦意乱的,紧张的"
tension,n.,"紧张,张力,拉力"
tent,n.,帐篷
tentative,n.,"试验,假设"
term,n.,学期;术语;条款;项
terminal,a.,"终端机,(火车,汽车,飞机的)终点站"
terrible,a.,可怕的;糟糕的
terrify,vt.,使人感到恐怖
terror,n.,恐怖
text,n.,"文本,课文"
textbook,n.,"课本,教科书"
than,conj.,比
thank,vt.,"感谢,致谢,道谢"
thank,n.,"(复)感谢,谢意"
thankful,a.,"感谢的, 感激的"
the,art.,"这(那)个,这(那)些(用于特定人或物,序数词,最高级,专有名词,世上独一 无二事物前)"
theft,n.,盗窃案
their,pron.,他(或她、它)们的
them,pron.,他/她/它们(宾格)
theme,n.,主题
themselves,pron.,他/她/它们自己
then,ad.,"当时,那时;然后;那么(通常用于句首或句尾)"
theoretical,a.,理论的
theory,n.,理论
therefore,ad.,"因此,所以"
thermos,n.,热水瓶
they,pron.,他(她)们;它们;人们(主格)
thick,a.,厚的
thief,n.,"窃贼, 小偷"
thin,a.,薄的;瘦的;稀的
thing,n.,"东西;(复)物品,用品;事情,事件"
thinking,n.,思索; 见解; 想法
third,num.,第三
thirst,n.,渴; 口渴
thirsty,a.,渴
thirteen,num.,十三
thirty,num.,三十
though,conj.,"虽然,可是"
thought,n.,"思考,思想 ;念头"
thousand,num.,千
thread,n.,线
three,num.,三
thrill,v.,"震颤,抖颤,激动"
thriller,n.,惊险小说
throat,n.,喉咙
through,prep.,穿(通)过;从始至终
through,ad.,"穿(通)过;自始至终,全部"
throughout,prep.,"遍及,贯穿 "
thunderstorm,n.,雷电交加的暴风雨
thursday,n.,星期四
thus,ad.,这样; 因而
tibet,n.,西藏
tibetan,n.,西藏人;西藏语
tick,vt.,作记号
ticket,n.,票;卷
tiger,n.,老虎
tight,a.,紧的
time,n.,"时间;时期;钟点;次,回"
time,vt.,"测定…的时间,记录…的时间"
timetable,n.,(火车、公共汽车等)时间表;(学校)课表
tin,n.,"(英)罐头,听头"
tiny,a.,"极小的,微小的"
tire,vi.,使疲劳
tired,a.,"疲劳的,累的"
tiresome,a.,令人厌倦的
tissue,n.,"(动、植物的)组织,薄的纱织品"
title,n.,"标题,题目"
toast,v.,"敬酒,烤"
tobacco,n.,"烟草,烟叶"
together,ad.,"一起,共同"
toilet,n.,厕所
tokyo,n.,东京
tolerate,v.,"忍受,容忍,容许,宽恕"
tomato,n.,"西红柿,番茄"
tomb,n.,坟墓
too,ad.,"也,还;又;太,过分;很,非常"
tool,n.,"工具,器具"
tooth,n.,牙齿
toothache,n.,牙痛
toothbrush,n.,牙刷
toothpaste,n.,牙膏
top,n.,"顶部,(物体的)上面"
topic,n.,"题目,话题"
tortoise,n.,乌龟
total,a.,"总数的;总括的;完全的,全然的"
total,n.,"合计,总计"
total,v.,合计为
touch,vt.,"触摸,接触"
tough,a.,"坚硬的;结实的;棘手的,难解的"
tour,n.,"参观, 观光, 旅行"
tourism,n.,旅游业; 观光
tourist,n.,"旅行者,观光者"
tournament,n.,"比赛,锦标赛"
toward,prep.,"向,朝,对于"
towel,n.,毛巾
tower,n.,塔
town,n.,"城镇,城"
toy,n.,"玩具, 玩物"
track,n.,轨道; 田径
tractor,n.,拖拉机
trade,n.,贸易
trade,vt.,用…进行交换
tradition,n.,"传统,惯例"
traditional,a.,传统的
traffic,n.,"交通,来往车辆"
train,n.,火车
train,v.,"培训,训练"
training,n.,培训
tram,n.,有轨电车
transform,v.,"转换,使...变形"
translate,vt.,翻译
translation,n.,翻译; 译文
translator,n.,"翻译家,译者"
trap,n.,陷阱
trap,vt.,使陷入困境
traveler,n.,旅行者
treasure,n.,金银财宝; 财富
treat,vt.,"对待,看待"
treatment,n.,"治疗,疗法"
tree,n.,树
tremble,v.,颤抖
trend,n.,"趋势,倾向,方位"
trend,v.,倾向
trial,n.,审判; 试验; 试用
trick,n.,"诡计,把戏"
trip,n.,"旅行,旅程"
trolley bus,phr.,无轨电车
trouble,vt.,"使苦恼,使忧虑,使麻烦"
trouble,n.,"问题,疾病,烦恼,麻烦"
troublesome,a.,令人烦恼的; 讨厌的
trousers,n.,"裤子,长裤"
true,a.,"真的,真实的;忠诚的"
truly,ad.,"真正地,真实地"
trunk,n.,树干;大箱子
trust,vt.,"相信,信任,信赖"
truth,n.,"真理,事实,真相,实际情况"
try,v.,"试,试图,努力"
t-shirt,n.,T恤衫
tuesday,n.,星期二
tube,n.,"地铁,电子管,显像管,管,软管"
tune,n.,"歌曲,旋律,心情"
turkey,n.,火鸡
turn,v.,"旋转,翻转,转变,转弯"
turn,n.,"轮流,(轮流"
turning,n.,"拐弯处,拐角处"
tutor,n.,"家庭教师,导师"
twelfth,num.,第十二
twelve,num.,十二
twentieth,num.,第二十
twenty,num.,二十
twice,ad.,两次;两倍
twin,n.,双胞胎之一
twist,v.,"拧,扭曲"
two,num.,二
type,vt.,打字
typewriter,n.,打字机
typhoon,n.,台风
typist,n.,打字员
ugly,a.,丑陋的; 难看的
umbrella,n.,雨伞
unable,a.,"不能的,不能胜任的"
unbearable,a.,无法忍受的
unbelievable,a.,难以置信的
uncertain,a.,不确定的
uncle,n.,叔;伯;舅;姑夫;姨父
uncomfortable,a.,"不舒服的,不自在的"
unconditional,a.,"无条件的,绝对的"
unconscious,a.,失去知觉的
underground,a.,地下的
underground,n.,地铁
underline,v.,在...下面划线
understanding,n.,领会; 理解
undertake,v.,"从事,保证"
underwear,n.,内衣
undivided,a.,没分开的; 专一的; 专心的
undo,v.,"解开,松开"
unemployment,n.,"失业,失业状态"
unfair,a.,"不公平的,不公正的"
unfit,a.,"不合宜的,不相宜的"
unfold,vt.,"展开,打开"
unfortunate,a.,不幸的
uniform,n.,制服
union,n.,"联合,联盟;工会"
unit,n.,"单元,单位"
unite,v.,"联合,团结"
united,a.,联合的
universal,a.,"普遍的,通用的,宇宙的"
universe,n.,宇宙
university,n.,大学
unknown,a.,不知道的
unless,conj.,"如果不,除非"
unlike,a.,"不同的,不相似的"
unrest,n.,不安; 骚动
unusual,a.,"不平常的,异常的"
unwilling,a.,不愿意的
up,ad.,向上;起来;在…以上
up,a.,"上面的,向上的,上行的"
up,n.,上升;上坡;上行;繁荣
up,v.,举起;拿起;提高
up,prep.,向(高处);向(在)…上(面)游
update,v.,"更新,补充最新资料"
upon,prep.,在…上面
upper,a.,"较高的,较上的"
upset,a.,"心烦的,苦恼的"
upstairs,ad.,"在楼上,到楼上"
upward,ad.,向上; 往上
urban,a.,城市的
urge,n.,冲动
urge,v.,"驱策,力劝,力陈"
urgent,a.,"急迫的,紧要的,紧急的"
america,n.,美国(美利坚合众国)
used,a.,用过的;旧的;二手的
useful,a.,"有用的,有益的"
useless,a.,无用的
user,n.,使用者; 用户
usual,a.,"通常的,平常的"
usually,ad.,"通常,经常"
vacant,a.,空的
vacation,n.,"假期,休假"
vague,a.,"模糊的,不明确的,说话含糊不清的"
valid,a.,"有确实根据的,有效的,正当的"
valley,n.,"山谷, 溪谷"
valuable,a.,"值钱的,贵重的"
value,n.,"价值,益处"
variety,n.,"种种,种类"
various,a.,"各种各样的,不同的"
vase,n.,(花)瓶;瓶饰
vast,a.,"巨大的,广阔的"
vcd,n.,影碟光盘
veal,n.,(食用)小牛肉
vegetable,n.,蔬菜
vehicle,n.,"传播媒介,工具,交通工具,车辆"
verb,n.,动词
version,n.,"版本,翻译"
vertical,a.,垂直的
vertical,n.,垂直线
very,ad.,"很,非常"
vest,n.,"背心,内衣"
via,prep.,经由
vice,n.,"恶习, 恶行, 罪恶, 缺陷, 恶癖"
victim,n.,受害者
victory,n.,胜利
video,n.,"录像,视频"
videophone,n.,可视电话
view,n.,"看法,见解;风景,景色"
village,n.,"村庄,乡村"
villager,n.,村民
vinegar,n.,醋
violate,v.,"违犯,亵渎,干扰"
violence,n.,暴力行为
violent,a.,暴力的
virtue,n.,"美德,正直的品行,德行"
visa,n.,"签证,背签"
visitor,n.,"访问者,参观者"
visual,a.,视觉的
vital,a.,"至关重要的,有活力的,充满生机的"
vivid,a.,"生动的,栩栩如生的,鲜艳的"
vocabulary,n.,"词汇, 词汇表"
voice,n.,说话声; 语态
volcano,n.,火山
volleyball,n.,排球
voluntary,a.,自愿的
vote,vi.,"选举,投票"
voyage,n.,"航行,旅行"
wag,v.,摇摆
wage,n.,"薪水,报偿,代价"
waist,n.,"腰部,背心"
waiter,n.,"侍者,服务员"
wall,n.,墙
wallet,n.,"皮夹,钱包"
walnut,n.,胡桃
wander,v.,游荡
want,vt.,"要,需要, 想要"
war,n.,战争
ware,n.,"制品,器具,货物"
warehouse,n.,仓库
warmth,n.,"暖和,温暖,热烈,热情,热心"
warn,vt.,"警告,告诫"
washroom,n.,"盥洗室,厕所"
watch,n.,手表
watch,vt.,"观看,注视"
watch,n.,"看守,守卫"
water,n.,水
water,vt.,&
water,vi.,"浇水,浇灌"
watermelon,n.,西瓜
wax,n.,"蜡,蜡状物,震怒"
way,n.,"路,道路; 手段,方法"
we,pron.,我们(主格)
weak,a.,"弱的, 差的"
weakness,n.,"衰落,衰老"
wealth,n.,"财富,财产"
wealthy,a.,富有的，富裕的
wear,vt.,"穿,戴"
weather,n.,天气
web,n.,网
website,n.,"网站,网址"
wedding,n.,"婚礼,结婚"
wednesday,n.,星期三
weed,n.,野草
weed,vt.,除草
week,n.,"周,星期"
weekday,n.,工作日
weekend,n.,周末
weekly,n.,"周刊,周报"
weep,n.,"悲叹,哀悼,为...伤心"
weigh,vi.,重(若干)
weigh,vt.,称…的重量
weight,n.,"重, 重量"
welfare,n.,"福利,社会保障"
well,n.,井
westward,n.,"西方,西部"
whale,n.,鲸
wheat,n.,小麦
wheel,n.,"轮, 车轮, 轮状物"
when,ad.,"什么时候,何时"
when,conj.,当…时候
where,ad.,在哪里
where,conj.,在…地方
wherever,ad.,无论什么地方
whether,conj.,是否
whichever,a.,"无论哪个,无论哪些"
while,n.,一段时间
while,conj.,"当…时候,然而"
whisper,vi.,"私语, 耳语, 低语"
whisper,vt.,"低声地讲,私下里讲"
whisper,n.,"私语, 耳语, 低语"
white,a.,白色的
white,n.,白色
who,pron.,谁
whole,a.,整个的.
whom,pron.,谁(宾格)
why,int.,怎么啦(表惊讶)
why,ad.,为什么
widespread,a.,"分布(或散布)广的,普遍的"
widow,n.,寡妇
wife,n.,妻子
wildlife,n.,野生动物
willing,a.,"乐意的, 愿意的"
windy,a.,"有风的, 多风的"
wine,n.,酒
winner,n.,胜利者
winter,n.,"冬天,冬季"
wipe,vt.,擦
wire,n.,"电线,(金属)线"
wisdom,n.,智慧
wise,a.,"聪明的, 英明的, 有见识的"
with,prep.,"和…在一起, 用…, 以…"
withdraw,v.,"撤回,取回,撤退"
within,prep.,在…范围以内
within,ad.,在里面
without,prep.,"无,没有,不"
witness,n.,"目击者,证人"
wolf,n.,狼
woman,n.,"妇人, 女人"
wonderful,a.,"极好的, 精彩的"
wood,n.,"木头,(常用复数)树林,森林"
wooden,a.,"木制的, 木头的"
wool,n.,"毛线, 羊毛"
woolen,n.,毛制品
word,n.,"词, 单词, 话"
work,n.,工作
work,vi.,"工作,运转,转动"
worker,n.,工人
world,n.,世界
worldwide,a.,全世界的
worm,n.,"虫,蠕虫"
worn,a.,"磨损的,疲倦的"
worried,a.,"担心的,烦恼的"
worry,vt.,使担忧
worry,n.,"焦虑, 担心"
worth,a.,"值得…的, 有…价值的"
worthwhile,a.,值得(做)的
worthy,a.,"有价值的,值得的"
worthy,n.,知名人士
wound,vt.,使受伤
wound,n.,伤口
wrestle,n.,"摔角,角力,扭斗"
wrinkle,n.,皱纹
wrinkle,v.,(使)起皱纹
wrist,n.,"腕,腕关节"
wrong,a.,"错误的,坏的,邪恶的"
x-ray,n.,X射线; X光
yard,n.,码; 院子;场地
yawn,n.,呵欠
yawn,v.,打呵欠
year,n.,年
yell,v.,大叫
yellow,a.,黄色的
yes,ad.,"是,好,同意"
yet,ad.,"尚,还,仍然"
yoghurt,n.,酸乳酪
you,pron.,你;你们(主格)
young,a.,年轻的
your,pron.,你的;你们的
yours,pron.,你的;你们的(名词性物主代词)
yourself,pron.,你自己
yourselves,pron.,你们自己
youth,n.,青春; 青年
yummy,a.,"舒适的,愉快的,美味的"
zebra,n.,斑马
zipper,n.,拉链
zone,n.,区域; 范围
zoo,n.,动物园
